O*NET-SOC Code,알기,짜기,꺼내기,다루기,돌보기,이끌기,Title
11-1011.00,3.74,4.2683333333333335,2.97,1.8650000000000002,3.976,4.2907692307692304,Chief Executives
11-1011.03,3.800666666666666,3.981666666666667,3.165,1.5666666666666667,3.558,3.8653846153846154,Chief Sustainability Officers
11-1021.00,3.650666666666667,3.9299999999999997,2.91,1.9666666666666666,3.308,3.816153846153846,General and Operations Managers
11-2011.00,3.112666666666667,3.775,2.875,1.7183333333333335,3.132,3.344615384615385,Advertising and Promotions Managers
11-2021.00,3.4420000000000006,3.8366666666666673,3.38,1.8133333333333332,3.2600000000000002,3.7,Marketing Managers
11-2022.00,3.499333333333333,3.8783333333333334,2.5949999999999998,1.3299999999999998,3.91,4.4,Sales Managers
11-2032.00,3.5173333333333336,3.98,2.8150000000000004,1.36,3.418,3.7600000000000002,Public Relations Managers
11-2033.00,3.162666666666667,3.3183333333333334,2.265,1.5850000000000002,2.918,3.044615384615385,Fundraising Managers
11-3012.00,3.540666666666667,3.8083333333333336,2.75,2.7716666666666665,3.2979999999999996,3.4000000000000004,Administrative Services Managers
11-3013.00,3.7899999999999996,3.9949999999999997,3.96,3.275,3.278,3.553076923076923,Facilities Managers
11-3013.01,3.7646666666666664,3.9650000000000003,3.27,2.5733333333333333,3.8920000000000003,4.078461538461538,Security Managers
11-3021.00,3.759333333333333,3.8333333333333335,2.7800000000000002,1.79,2.92,3.686923076923077,Computer and Information Systems Managers
11-3031.00,3.3213333333333335,3.516666666666667,2.175,1.5683333333333334,3.35,3.4769230769230766,Financial Managers
11-3031.01,3.489333333333333,3.5033333333333334,2.3,1.0733333333333335,2.8080000000000003,3.3969230769230765,Treasurers and Controllers
11-3031.03,3.6673333333333336,2.973333333333333,2.395,1.135,2.588,2.8492307692307692,Investment Fund Managers
11-3051.00,3.6093333333333333,3.638333333333333,3.125,3.046666666666667,3.034,3.3907692307692305,Industrial Production Managers
11-3051.01,3.975333333333333,3.6599999999999997,3.04,2.4066666666666667,3.078,3.5076923076923086,Quality Control Systems Managers
11-3051.02,3.739333333333333,4.048333333333333,3.355,2.6283333333333334,3.218,3.646153846153846,Geothermal Production Managers
11-3051.03,3.532666666666667,3.448333333333333,2.91,2.438333333333333,2.982,3.5215384615384613,Biofuels Production Managers
11-3051.04,3.657333333333333,3.8800000000000003,3.17,3.1649999999999996,3.004,3.5738461538461532,Biomass Power Plant Managers
11-3051.06,3.674666666666667,3.9283333333333332,3.2750000000000004,2.8049999999999997,3.274,3.5307692307692307,Hydroelectric Production Managers
11-3061.00,3.580666666666666,3.911666666666667,3.0999999999999996,1.5983333333333334,3.522,3.711538461538461,Purchasing Managers
11-3071.00,3.492,3.8166666666666664,2.865,2.2683333333333335,3.214,3.6523076923076925,"Transportation, Storage, and Distribution Managers"
11-3071.04,3.5546666666666673,3.8800000000000003,3.0949999999999998,1.865,3.2,3.8884615384615384,Supply Chain Managers
11-3111.00,3.3286666666666664,3.7100000000000004,2.275,1.2566666666666666,2.934,3.290769230769231,Compensation and Benefits Managers
11-3121.00,3.5393333333333334,4.03,2.435,1.6216666666666668,3.8280000000000003,4.1184615384615375,Human Resources Managers
11-3131.00,3.7146666666666666,3.896666666666667,2.9299999999999997,1.3733333333333333,3.5799999999999996,4.024615384615385,Training and Development Managers
11-9013.00,3.446,3.8433333333333337,3.045,3.321666666666667,3.0740000000000003,3.426153846153846,"Farmers, Ranchers, and Other Agricultural Managers"
11-9021.00,3.628666666666667,4.033333333333333,3.44,2.9250000000000003,3.482,3.8461538461538467,Construction Managers
11-9031.00,3.350666666666667,4.23,2.6950000000000003,2.0433333333333334,4.1579999999999995,4.086923076923077,"Education and Childcare Administrators, Preschool and Daycare"
11-9032.00,3.580666666666666,4.026666666666666,2.9299999999999997,1.93,4.244,4.1061538461538465,"Education Administrators, Kindergarten through Secondary"
11-9033.00,3.521333333333333,3.808333333333333,2.595,1.3183333333333334,3.2319999999999993,3.673076923076923,"Education Administrators, Postsecondary"
11-9041.00,3.7640000000000002,3.5533333333333332,4.27,1.9166666666666663,3.098,3.5184615384615388,Architectural and Engineering Managers
11-9041.01,3.927333333333333,3.5750000000000006,3.425,2.565,2.8480000000000003,3.2884615384615383,Biofuels/Biodiesel Technology and Product Development Managers
11-9051.00,3.4480000000000004,3.6983333333333337,2.865,2.8716666666666666,3.656,3.7830769230769232,Food Service Managers
11-9071.00,3.3819999999999997,3.5683333333333334,2.54,2.1283333333333334,3.5200000000000005,3.480769230769231,Gambling Managers
11-9072.00,3.347333333333333,3.831666666666667,2.9250000000000003,2.3033333333333337,3.556,3.863846153846154,"Entertainment and Recreation Managers, Except Gambling"
11-9081.00,3.322,3.8716666666666666,2.8,2.383333333333333,3.932,3.894615384615385,Lodging Managers
11-9111.00,3.814,4.173333333333333,2.82,1.9349999999999998,3.8880000000000003,4.046923076923077,Medical and Health Services Managers
11-9121.00,3.9600000000000004,4.045,2.965,2.4616666666666664,3.064,3.7353846153846155,Natural Sciences Managers
11-9121.01,3.229333333333334,3.283333333333333,2.535,2.045,3.1159999999999997,2.4053846153846155,Clinical Research Coordinators
11-9121.02,3.7153333333333336,3.4800000000000004,3.3899999999999997,1.7716666666666667,3.056,3.183076923076923,Water Resource Specialists
11-9131.00,3.552666666666667,4.005,2.5949999999999998,2.225,3.476,3.818461538461538,Postmasters and Mail Superintendents
11-9141.00,3.474666666666667,3.91,2.69,2.438333333333333,3.378,3.6000000000000005,"Property, Real Estate, and Community Association Managers"
11-9151.00,3.292,3.715,2.65,1.7816666666666663,3.59,3.3769230769230774,Social and Community Service Managers
11-9161.00,3.673333333333334,4.015000000000001,2.895,2.518333333333333,3.968,3.9038461538461537,Emergency Management Directors
11-9171.00,3.5140000000000007,3.981666666666667,3.0500000000000003,3.0533333333333332,4.3,3.6461538461538465,Funeral Home Managers
11-9179.01,3.2426666666666666,3.7766666666666673,2.8449999999999998,2.5866666666666664,3.9080000000000004,3.873076923076923,Fitness and Wellness Coordinators
11-9179.02,3.2340000000000004,4.045,3.3200000000000003,1.915,4.182,4.319230769230769,Spa Managers
11-9199.01,3.688,3.4783333333333335,2.475,1.26,2.9,3.337692307692308,Regulatory Affairs Managers
11-9199.02,3.7339999999999995,3.605,2.6799999999999997,2.0033333333333334,3.6,3.3669230769230767,Compliance Managers
11-9199.08,3.427333333333333,3.635,2.855,2.06,3.5220000000000007,3.66923076923077,Loss Prevention Managers
11-9199.09,4.0746666666666655,4.105,3.79,4.208333333333333,3.8560000000000003,4.0746153846153845,Wind Energy Operations Managers
11-9199.10,3.535333333333333,3.845,2.71,1.8500000000000003,2.9579999999999997,3.233076923076923,Wind Energy Development Managers
11-9199.11,3.6033333333333326,3.815,2.855,1.8083333333333333,2.878,3.0900000000000003,Brownfield Redevelopment Specialists and Site Managers
13-1011.00,2.916,3.301666666666667,2.6399999999999997,1.26,2.4960000000000004,2.7146153846153847,"Agents and Business Managers of Artists, Performers, and Athletes"
13-1021.00,3.528,3.266666666666666,1.87,1.4533333333333334,3.018,2.9461538461538463,"Buyers and Purchasing Agents, Farm Products"
13-1022.00,3.502666666666667,3.75,2.58,1.9233333333333336,3.068,3.144615384615385,"Wholesale and Retail Buyers, Except Farm Products"
13-1023.00,3.518666666666667,3.5683333333333334,2.715,1.5716666666666665,3.224,3.31923076923077,"Purchasing Agents, Except Wholesale, Retail, and Farm Products"
13-1031.00,3.5333333333333337,3.28,2.125,1.5133333333333334,2.8020000000000005,2.61,"Claims Adjusters, Examiners, and Investigators"
13-1032.00,3.548,3.426666666666667,2.605,2.4,3.2840000000000003,2.67,"Insurance Appraisers, Auto Damage"
13-1041.00,3.3859999999999997,3.0316666666666667,2.325,2.388333333333333,3.146,2.5176923076923075,Compliance Officers
13-1041.01,3.432666666666667,3.1,2.425,2.2716666666666665,3.104,2.793846153846154,Environmental Compliance Inspectors
13-1041.03,3.36,3.1950000000000003,2.16,1.3183333333333334,2.9859999999999998,2.6484615384615386,Equal Opportunity Representatives and Officers
13-1041.04,3.2800000000000002,3.4299999999999997,2.55,2.1516666666666664,2.852,2.8000000000000003,Government Property Inspectors and Investigators
13-1041.06,3.871333333333333,3.78,2.775,3.0533333333333332,4.032,3.4046153846153837,Coroners
13-1041.07,3.562,3.5316666666666667,2.585,1.3449999999999998,2.7279999999999998,3.1184615384615384,Regulatory Affairs Specialists
13-1041.08,3.6586666666666665,3.3516666666666666,2.185,1.4583333333333333,3.4199999999999995,3.306923076923077,Customs Brokers
13-1051.00,3.7966666666666673,3.2883333333333336,2.775,1.2899999999999998,2.694,2.9423076923076925,Cost Estimators
13-1071.00,3.2706666666666666,3.456666666666667,2.175,1.4933333333333334,3.4620000000000006,3.209230769230769,Human Resources Specialists
13-1074.00,3.1646666666666663,3.5600000000000005,2.445,2.935,3.268,3.3492307692307692,Farm Labor Contractors
13-1075.00,3.122,3.451666666666666,2.225,1.36,2.972,3.0976923076923075,Labor Relations Specialists
13-1081.00,3.5479999999999996,3.7983333333333333,2.64,1.8349999999999997,3.0739999999999994,3.6569230769230767,Logisticians
13-1081.01,3.679333333333333,3.5416666666666665,3.305,1.9266666666666667,2.816,3.1400000000000006,Logistics Engineers
13-1081.02,3.622666666666667,3.385,2.635,1.8316666666666663,2.904,3.012307692307693,Logistics Analysts
13-1082.00,3.6013333333333333,3.8783333333333334,2.635,1.6066666666666667,2.63,3.2592307692307694,Project Management Specialists
13-1111.00,3.734,3.803333333333334,2.83,1.5383333333333333,3.47,3.553076923076923,Management Analysts
13-1121.00,3.5439999999999996,4.06,3.135,2.6933333333333334,3.654,3.6576923076923076,"Meeting, Convention, and Event Planners"
13-1131.00,3.4793333333333334,3.7083333333333335,2.74,1.593333333333333,3.5460000000000003,3.5907692307692307,Fundraisers
13-1141.00,3.333333333333333,3.081666666666667,2.34,1.485,2.762,2.842307692307692,"Compensation, Benefits, and Job Analysis Specialists"
13-1151.00,3.4986666666666664,3.5250000000000004,2.825,1.6866666666666668,3.7159999999999997,3.4384615384615382,Training and Development Specialists
13-1161.00,3.798666666666667,3.2183333333333333,2.425,1.2583333333333333,2.484,2.7015384615384614,Market Research Analysts and Marketing Specialists
13-1161.01,3.7686666666666664,3.361666666666667,2.875,1.2333333333333332,2.7199999999999998,3.012307692307692,Search Marketing Strategists
13-1199.04,3.534,3.4116666666666666,2.665,1.3283333333333334,2.952,3.19,Business Continuity Planners
13-1199.05,3.512666666666666,3.5849999999999995,2.89,1.5516666666666667,3.282,3.3946153846153844,Sustainability Specialists
13-1199.06,3.2593333333333327,3.03,2.4299999999999997,1.6533333333333335,2.57,2.7361538461538464,Online Merchants
13-1199.07,3.6533333333333333,3.785,3.475,2.0,3.594,3.610769230769231,Security Management Specialists
13-2011.00,3.5346666666666664,3.1999999999999997,2.055,1.47,2.9219999999999997,2.803076923076923,Accountants and Auditors
13-2022.00,3.845333333333334,3.2249999999999996,2.3899999999999997,2.035,2.808,2.718461538461538,Appraisers of Personal and Business Property
13-2023.00,3.600666666666667,2.761666666666667,2.355,1.9649999999999999,2.61,2.4099999999999997,Appraisers and Assessors of Real Estate
13-2031.00,3.3280000000000003,2.9566666666666666,2.33,1.5083333333333335,2.268,2.2469230769230775,Budget Analysts
13-2041.00,3.4440000000000004,2.546666666666667,1.875,1.175,2.4099999999999997,2.471538461538462,Credit Analysts
13-2052.00,3.7353333333333327,3.2733333333333334,2.215,1.0850000000000002,3.4219999999999997,3.003076923076923,Personal Financial Advisors
13-2053.00,3.413333333333333,2.8666666666666667,2.0,1.2883333333333333,2.456,2.706153846153846,Insurance Underwriters
13-2061.00,3.448666666666667,3.18,1.7600000000000002,1.2466666666666666,2.66,3.081538461538462,Financial Examiners
13-2071.00,3.322666666666667,3.2983333333333333,2.33,1.4083333333333332,3.7439999999999998,3.0561538461538458,Credit Counselors
13-2072.00,3.416000000000001,3.0399999999999996,2.23,1.4533333333333331,2.678,2.810769230769231,Loan Officers
13-2081.00,3.459333333333333,3.028333333333333,2.0300000000000002,1.59,3.3619999999999997,2.727692307692308,"Tax Examiners and Collectors, and Revenue Agents"
13-2082.00,3.52,2.9683333333333333,1.85,1.5383333333333333,3.0620000000000003,2.450769230769231,Tax Preparers
13-2099.01,3.664666666666667,2.7116666666666664,2.6,1.1666666666666667,2.43,2.7284615384615383,Financial Quantitative Analysts
13-2099.04,3.595333333333333,3.2783333333333338,2.21,1.3399999999999999,3.05,2.886153846153846,"Fraud Examiners, Investigators and Analysts"
15-1211.00,3.741333333333334,3.063333333333333,2.7199999999999998,2.308333333333333,2.518,2.4546153846153844,Computer Systems Analysts
15-1211.01,3.834,3.6733333333333333,3.455,1.741666666666667,3.2660000000000005,3.5038461538461543,Health Informatics Specialists
15-1212.00,3.644,2.9283333333333332,2.755,1.7399999999999995,2.362,2.5992307692307692,Information Security Analysts
15-1221.00,4.039333333333333,3.193333333333333,3.35,1.925,2.586,2.6815384615384614,Computer and Information Research Scientists
15-1231.00,3.6379999999999995,3.026666666666667,3.085,2.311666666666667,2.522,2.434615384615385,Computer Network Support Specialists
15-1232.00,3.664666666666667,2.9299999999999997,2.825,2.54,2.7859999999999996,2.676923076923077,Computer User Support Specialists
15-1241.00,3.6599999999999997,3.3333333333333335,3.0250000000000004,2.3333333333333335,2.7800000000000002,2.773076923076923,Computer Network Architects
15-1241.01,3.6413333333333333,3.453333333333333,3.695,2.715,3.114,3.124615384615385,Telecommunications Engineering Specialists
15-1242.00,3.448666666666667,3.258333333333333,2.5949999999999998,1.6216666666666664,2.414,2.5007692307692313,Database Administrators
15-1243.00,3.7073333333333323,3.1333333333333333,3.1399999999999997,1.24,2.714,2.8907692307692305,Database Architects
15-1243.01,3.6133333333333337,2.9283333333333332,2.7199999999999998,1.19,2.4219999999999997,2.635384615384616,Data Warehousing Specialists
15-1244.00,3.5373333333333337,2.7116666666666664,3.2,2.0666666666666664,2.3539999999999996,2.390769230769231,Network and Computer Systems Administrators
15-1251.00,3.7653333333333325,2.8633333333333333,3.0749999999999997,1.6183333333333332,2.5460000000000003,2.6623076923076923,Computer Programmers
15-1252.00,3.38,2.9949999999999997,3.01,1.4966666666666668,2.442,2.163846153846154,Software Developers
15-1253.00,3.574666666666667,3.2083333333333335,2.645,1.3566666666666665,2.556,2.803846153846154,Software Quality Assurance Analysts and Testers
15-1254.00,3.4966666666666666,3.1316666666666664,2.98,1.4383333333333332,2.4659999999999997,2.673076923076923,Web Developers
15-1255.00,3.5446666666666666,2.641666666666666,3.21,1.2750000000000001,2.248,2.0876923076923077,Web and Digital Interface Designers
15-1255.01,3.3146666666666667,3.0366666666666666,3.5250000000000004,1.28,2.378,2.861538461538461,Video Game Designers
15-1299.01,3.5860000000000003,3.2066666666666666,3.1500000000000004,1.655,2.8899999999999997,3.0469230769230764,Web Administrators
15-1299.02,3.5000000000000004,2.97,3.015,1.7083333333333333,2.622,2.4784615384615383,Geographic Information Systems Technologists and Technicians
15-1299.03,3.5286666666666666,3.435,2.4699999999999998,1.808333333333333,2.8600000000000003,3.2853846153846153,Document Management Specialists
15-1299.04,3.8886666666666665,3.15,3.45,1.9133333333333333,2.8600000000000003,2.7407692307692306,Penetration Testers
15-1299.05,3.701333333333333,3.2116666666666664,3.13,1.7466666666666664,3.0,2.9953846153846153,Information Security Engineers
15-1299.06,3.8240000000000003,2.9583333333333335,2.83,2.123333333333333,2.756,2.4015384615384607,Digital Forensics Analysts
15-1299.07,3.666666666666666,3.2783333333333338,3.0700000000000003,1.6233333333333333,2.508,2.767692307692308,Blockchain Engineers
15-1299.08,3.6686666666666663,3.2116666666666664,3.115,2.408333333333333,2.936,2.8246153846153845,Computer Systems Engineers/Architects
15-1299.09,3.9413333333333336,4.483333333333333,3.185,1.79,3.444,4.007692307692308,Information Technology Project Managers
15-2011.00,3.6799999999999997,2.9450000000000003,2.2800000000000002,1.0450000000000002,2.5119999999999996,2.8123076923076926,Actuaries
15-2021.00,3.58,2.716666666666667,3.0,1.2666666666666668,2.8739999999999997,2.6923076923076925,Mathematicians
15-2031.00,3.842666666666667,3.283333333333333,2.955,1.4466666666666665,2.824,2.8976923076923073,Operations Research Analysts
15-2041.00,3.936666666666666,2.891666666666667,2.575,1.175,2.748,2.7423076923076923,Statisticians
15-2041.01,3.5866666666666664,2.9899999999999998,2.46,1.4166666666666667,2.7960000000000003,2.8330769230769235,Biostatisticians
15-2051.00,3.752,2.7099999999999995,2.605,1.155,2.386,2.516153846153846,Data Scientists
15-2051.01,3.7006666666666663,2.856666666666667,2.43,1.055,2.5520000000000005,2.582307692307692,Business Intelligence Analysts
15-2051.02,3.4566666666666666,3.3300000000000005,2.525,1.3166666666666667,2.58,2.8884615384615384,Clinical Data Managers
15-2099.01,3.818,2.6733333333333333,3.385,1.5899999999999999,2.468,2.3007692307692307,Bioinformatics Technicians
17-1011.00,3.592666666666667,3.768333333333333,4.555,1.7166666666666668,3.29,3.4984615384615387,"Architects, Except Landscape and Naval"
17-1012.00,3.3873333333333338,3.2916666666666665,4.525,1.7166666666666666,3.082,3.1992307692307693,Landscape Architects
17-1021.00,3.738666666666667,3.263333333333333,3.58,2.0833333333333335,2.762,2.4723076923076923,Cartographers and Photogrammetrists
17-1022.00,3.8019999999999996,3.6500000000000004,3.465,2.936666666666667,3.3200000000000003,3.3423076923076924,Surveyors
17-1022.01,3.854666666666667,3.08,3.225,2.8533333333333335,2.856,2.6553846153846155,Geodetic Surveyors
17-2011.00,3.9,3.2383333333333333,4.52,2.115,2.506,2.8715384615384614,Aerospace Engineers
17-2021.00,3.975333333333333,3.566666666666667,4.125,2.671666666666667,2.832,2.926153846153846,Agricultural Engineers
17-2031.00,3.8966666666666665,3.268333333333333,3.695,2.315,2.86,2.993076923076923,Bioengineers and Biomedical Engineers
17-2041.00,3.6479999999999992,3.1183333333333336,3.565,1.9583333333333333,2.692,2.880769230769231,Chemical Engineers
17-2051.00,3.546666666666667,3.603333333333333,3.8549999999999995,1.58,2.976,3.3053846153846154,Civil Engineers
17-2051.01,3.686,3.643333333333333,3.77,1.8483333333333334,3.554,3.403076923076923,Transportation Engineers
17-2051.02,3.6793333333333336,3.5133333333333336,3.76,1.8049999999999997,3.176,3.3569230769230773,Water/Wastewater Engineers
17-2061.00,3.9360000000000004,3.3183333333333334,4.1,2.0133333333333336,2.706,2.963846153846154,Computer Hardware Engineers
17-2071.00,3.7933333333333334,3.7450000000000006,4.29,2.225,2.826,2.8376923076923077,Electrical Engineers
17-2072.00,3.662666666666667,2.903333333333333,4.0649999999999995,2.6933333333333334,2.416,2.4838461538461534,"Electronics Engineers, Except Computer"
17-2072.01,3.595999999999999,3.383333333333333,3.7350000000000003,2.17,2.778,2.9923076923076914,Radio Frequency Identification Device Specialists
17-2081.00,3.720666666666667,3.7533333333333334,3.8049999999999997,2.0716666666666668,3.396,3.4376923076923074,Environmental Engineers
17-2111.00,3.594666666666667,3.431666666666666,3.105,2.348333333333333,3.382,3.2846153846153845,"Health and Safety Engineers, Except Mining Safety Engineers and Inspectors"
17-2111.02,3.6719999999999993,3.391666666666667,3.96,1.833333333333333,3.136,3.290769230769231,Fire-Prevention and Protection Engineers
17-2112.00,3.5620000000000003,2.983333333333334,3.86,2.555,2.442,2.5861538461538465,Industrial Engineers
17-2112.01,3.6279999999999997,3.2816666666666663,3.1500000000000004,2.1016666666666666,3.1,3.1276923076923078,Human Factors Engineers and Ergonomists
17-2112.02,3.74,3.1683333333333334,2.6950000000000003,1.9866666666666666,2.702,2.858461538461538,Validation Engineers
17-2112.03,3.675333333333333,3.231666666666667,3.9450000000000003,2.57,2.67,3.0307692307692307,Manufacturing Engineers
17-2121.00,3.503333333333333,3.151666666666667,3.605,2.5833333333333335,2.946,2.715384615384615,Marine Engineers and Naval Architects
17-2131.00,3.6879999999999997,2.98,3.46,2.1533333333333333,2.576,2.7446153846153853,Materials Engineers
17-2141.00,3.677333333333334,3.0666666666666664,4.640000000000001,2.3466666666666667,2.7079999999999997,2.666153846153846,Mechanical Engineers
17-2141.01,3.7893333333333334,3.2600000000000002,3.565,2.6,2.758,2.956153846153846,Fuel Cell Engineers
17-2141.02,3.7900000000000005,3.3516666666666666,3.57,2.421666666666667,2.72,3.031538461538462,Automotive Engineers
17-2151.00,3.6680000000000006,3.5766666666666667,3.34,1.8883333333333334,2.998,3.1623076923076923,"Mining and Geological Engineers, Including Mining Safety Engineers"
17-2161.00,3.777333333333333,3.22,3.455,2.02,2.976,3.0892307692307694,Nuclear Engineers
17-2171.00,3.6733333333333333,3.7900000000000005,3.465,1.4600000000000002,2.46,3.0938461538461537,Petroleum Engineers
17-2199.03,3.694,3.228333333333333,3.25,2.041666666666667,2.7600000000000002,2.8230769230769233,"Energy Engineers, Except Wind and Solar"
17-2199.05,3.601333333333334,3.028333333333333,4.295,2.2049999999999996,2.602,2.6738461538461538,Mechatronics Engineers
17-2199.06,3.6373333333333333,2.8533333333333335,3.995,2.5433333333333334,2.412,2.490769230769231,Microsystems Engineers
17-2199.07,3.7326666666666664,2.9250000000000003,4.0,2.3183333333333334,2.3920000000000003,2.636153846153846,Photonics Engineers
17-2199.08,3.9440000000000004,3.4633333333333334,4.35,3.035,2.836,3.05,Robotics Engineers
17-2199.09,3.843333333333333,3.125,3.765,2.7100000000000004,3.19,3.0915384615384616,Nanosystems Engineers
17-2199.10,3.654666666666666,3.1566666666666667,3.415,2.1316666666666664,2.694,2.89,Wind Energy Engineers
17-2199.11,3.555333333333334,3.345,3.54,2.578333333333333,2.904,2.9899999999999998,Solar Energy Systems Engineers
17-3011.00,3.572666666666666,3.328333333333333,4.225,1.8633333333333333,3.0100000000000002,3.0746153846153845,Architectural and Civil Drafters
17-3012.00,3.4886666666666666,2.901666666666667,3.895,1.915,2.27,2.133846153846154,Electrical and Electronics Drafters
17-3013.00,3.204,2.475,4.0649999999999995,1.8116666666666665,1.8080000000000003,1.7669230769230768,Mechanical Drafters
17-3021.00,3.686000000000001,3.058333333333333,3.135,2.703333333333333,2.216,2.4384615384615382,Aerospace Engineering and Operations Technologists and Technicians
17-3022.00,3.484666666666667,2.9483333333333337,3.495,1.928333333333333,2.572,2.3176923076923077,Civil Engineering Technologists and Technicians
17-3023.00,3.5373333333333337,2.481666666666667,3.21,3.1566666666666663,2.334,2.106923076923077,Electrical and Electronic Engineering Technologists and Technicians
17-3024.00,3.477333333333333,2.845,3.3099999999999996,3.4933333333333336,2.7399999999999998,2.5330769230769232,Electro-Mechanical and Mechatronics Technologists and Technicians
17-3024.01,3.715333333333333,2.91,3.685,3.561666666666666,2.538,2.4953846153846153,Robotics Technicians
17-3025.00,3.1526666666666667,2.841666666666667,2.75,2.6799999999999997,2.5580000000000003,2.2823076923076924,Environmental Engineering Technologists and Technicians
17-3026.00,3.4460000000000006,2.9333333333333336,3.135,2.6133333333333333,2.5100000000000002,2.529230769230769,Industrial Engineering Technologists and Technicians
17-3026.01,3.921333333333334,3.31,3.34,3.16,3.35,2.9815384615384612,Nanotechnology Engineering Technologists and Technicians
17-3027.00,3.6746666666666665,3.125,3.785,3.1316666666666673,2.744,2.737692307692307,Mechanical Engineering Technologists and Technicians
17-3027.01,3.6233333333333335,2.9233333333333333,3.355,3.5933333333333333,2.5740000000000003,2.6192307692307697,Automotive Engineering Technicians
17-3028.00,3.4819999999999998,2.9333333333333336,3.15,3.253333333333334,2.57,2.4376923076923074,Calibration Technologists and Technicians
17-3029.01,3.8219999999999996,3.3383333333333334,3.475,3.298333333333334,3.35,3.20076923076923,Non-Destructive Testing Specialists
17-3029.08,3.4026666666666663,3.0,2.91,3.233333333333334,2.436,2.512307692307692,Photonics Technicians
17-3031.00,3.5573333333333332,3.0066666666666664,3.17,2.8533333333333335,2.9760000000000004,2.7199999999999998,Surveying and Mapping Technicians
19-1011.00,3.822666666666666,3.4866666666666664,3.0100000000000002,2.263333333333333,3.4219999999999997,3.380769230769231,Animal Scientists
19-1012.00,3.6293333333333333,3.3816666666666664,3.25,2.6599999999999997,3.07,3.172307692307692,Food Scientists and Technologists
19-1013.00,3.9033333333333338,3.5083333333333333,3.05,2.645,3.2960000000000003,3.183076923076923,Soil and Plant Scientists
19-1021.00,4.290666666666667,3.5333333333333328,3.925,2.7783333333333338,3.1599999999999997,3.3023076923076924,Biochemists and Biophysicists
19-1022.00,3.7980000000000005,3.4966666666666666,3.175,2.75,2.854,2.9669230769230763,Microbiologists
19-1023.00,3.778,3.5866666666666673,2.62,2.7083333333333335,3.306,3.1699999999999995,Zoologists and Wildlife Biologists
19-1029.01,3.943333333333333,2.685,3.1100000000000003,1.4683333333333335,2.418,2.0530769230769232,Bioinformatics Scientists
19-1029.02,3.8226666666666658,3.4200000000000004,3.175,2.2883333333333327,3.054,3.083846153846154,Molecular and Cellular Biologists
19-1029.03,3.8586666666666662,3.3800000000000003,2.88,1.9633333333333332,3.14,3.123076923076923,Geneticists
19-1029.04,4.0920000000000005,3.9066666666666667,3.3,2.8266666666666667,3.122,3.301538461538461,Biologists
19-1031.00,3.7486666666666664,3.4583333333333335,3.065,2.7649999999999992,3.344,3.1038461538461535,Conservation Scientists
19-1031.02,3.562,3.3966666666666665,2.635,2.7633333333333336,3.2079999999999997,2.9992307692307687,Range Managers
19-1031.03,3.3093333333333335,3.4783333333333335,2.875,2.5666666666666664,3.6660000000000004,3.1876923076923074,Park Naturalists
19-1032.00,3.493333333333333,3.5716666666666668,2.6950000000000003,2.7816666666666667,3.1199999999999997,3.1992307692307693,Foresters
19-1041.00,3.9186666666666667,3.4266666666666663,2.7150000000000003,1.2766666666666666,3.314,3.2638461538461545,Epidemiologists
19-1042.00,3.711333333333333,3.01,3.06,2.068333333333333,2.8019999999999996,2.6630769230769222,"Medical Scientists, Except Epidemiologists"
19-2011.00,3.979999999999999,2.9716666666666662,3.085,1.8616666666666666,2.832,2.7038461538461536,Astronomers
19-2012.00,4.076,3.346666666666667,3.5250000000000004,2.0733333333333333,2.97,3.0715384615384616,Physicists
19-2021.00,3.82,3.0050000000000003,2.815,1.6133333333333333,2.9,2.7930769230769235,Atmospheric and Space Scientists
19-2031.00,3.634,3.278333333333333,2.945,2.7399999999999998,2.714,2.971538461538462,Chemists
19-2032.00,3.750666666666667,3.016666666666667,3.335,2.105,2.772,2.917692307692308,Materials Scientists
19-2041.00,3.6993333333333336,3.0549999999999997,2.5549999999999997,1.9716666666666667,2.9219999999999997,2.716153846153846,"Environmental Scientists and Specialists, Including Health"
19-2041.01,3.6753333333333327,3.265,2.455,1.3066666666666666,2.694,2.971538461538461,Climate Change Policy Analysts
19-2041.02,3.7766666666666664,3.8666666666666667,3.1550000000000002,2.1666666666666665,3.1719999999999997,3.353846153846154,Environmental Restoration Planners
19-2041.03,3.8419999999999996,2.938333333333334,2.87,1.4566666666666663,2.714,2.7361538461538464,Industrial Ecologists
19-2042.00,4.019333333333334,3.49,3.43,2.686666666666666,3.166,3.1415384615384614,"Geoscientists, Except Hydrologists and Geographers"
19-2043.00,3.844,3.2266666666666666,2.9050000000000002,2.65,2.948,2.82,Hydrologists
19-2099.01,3.938666666666667,3.346666666666667,3.2800000000000002,2.0666666666666664,2.888,3.033846153846154,Remote Sensing Scientists and Technologists
19-3011.00,3.9019999999999997,2.9166666666666665,2.62,1.0883333333333334,2.944,2.8400000000000003,Economists
19-3011.01,3.7533333333333334,2.51,2.465,1.1066666666666667,2.664,2.3099999999999996,Environmental Economists
19-3022.00,3.830666666666666,3.5700000000000003,2.62,1.3683333333333334,3.068,3.1823076923076923,Survey Researchers
19-3032.00,3.819333333333333,3.5900000000000003,2.3200000000000003,1.1533333333333333,3.54,3.7584615384615385,Industrial-Organizational Psychologists
19-3033.00,3.1693333333333333,3.1916666666666664,2.54,1.2583333333333333,3.8019999999999996,2.838461538461539,Clinical and Counseling Psychologists
19-3034.00,3.530666666666667,3.3833333333333333,2.135,1.5516666666666665,3.778,3.0615384615384618,School Psychologists
19-3039.02,3.7633333333333336,3.2183333333333324,2.385,1.6416666666666666,3.7,2.756923076923077,Neuropsychologists
19-3039.03,3.808,3.016666666666666,2.355,1.4983333333333333,3.972,2.8861538461538463,Clinical Neuropsychologists
19-3041.00,3.8646666666666665,3.2583333333333333,2.6999999999999997,1.2750000000000001,3.254,2.9315384615384614,Sociologists
19-3051.00,3.6719999999999997,4.008333333333333,2.9000000000000004,1.26,3.1919999999999997,3.5399999999999996,Urban and Regional Planners
19-3091.00,3.734666666666667,3.266666666666666,2.705,1.7866666666666668,3.21,2.976153846153846,Anthropologists and Archeologists
19-3092.00,3.694,3.0866666666666664,3.075,1.8383333333333332,3.072,2.6653846153846152,Geographers
19-3093.00,3.3073333333333332,2.983333333333333,2.31,1.6233333333333333,2.4219999999999997,2.439230769230769,Historians
19-3094.00,3.862,3.02,2.6350000000000002,1.2483333333333333,3.222,2.786153846153846,Political Scientists
19-3099.01,3.8573333333333335,3.6149999999999998,3.05,1.4100000000000001,3.3059999999999996,3.5161538461538457,Transportation Planners
19-4012.00,3.1539999999999995,3.0083333333333333,2.665,3.526666666666666,2.564,2.4023076923076925,Agricultural Technicians
19-4012.01,3.704,3.138333333333333,3.255,3.1666666666666665,3.2260000000000004,3.0138461538461545,Precision Agriculture Technicians
19-4013.00,3.21,2.9616666666666664,2.1100000000000003,2.2216666666666667,3.132,2.996923076923077,Food Science Technicians
19-4021.00,3.2246666666666663,3.1183333333333327,2.7,2.9499999999999997,2.886,2.6023076923076927,Biological Technicians
19-4031.00,3.5006666666666666,3.0066666666666664,2.83,3.0716666666666668,2.616,2.4038461538461537,Chemical Technicians
19-4042.00,3.3680000000000003,3.2016666666666667,2.475,2.81,2.9339999999999997,2.792307692307692,"Environmental Science and Protection Technicians, Including Health"
19-4043.00,3.4086666666666674,2.69,2.56,2.9916666666666667,2.3,2.172307692307693,"Geological Technicians, Except Hydrologic Technicians"
19-4051.00,3.378,2.6533333333333333,2.455,3.19,2.5780000000000003,2.3915384615384614,Nuclear Technicians
19-4051.02,3.5700000000000003,3.1,2.685,2.72,2.874,2.6476923076923073,Nuclear Monitoring Technicians
19-4061.00,3.512,2.8833333333333333,2.25,1.2633333333333334,2.578,2.5,Social Science Research Assistants
19-4071.00,3.5053333333333336,3.668333333333333,3.0300000000000002,3.4816666666666674,3.3899999999999997,3.270769230769231,Forest and Conservation Technicians
19-4092.00,3.4873333333333334,2.7783333333333338,2.26,2.766666666666666,3.136,2.4423076923076925,Forensic Science Technicians
19-4099.01,3.3526666666666665,2.48,2.24,2.6133333333333333,2.212,2.0761538461538462,Quality Control Analysts
19-4099.03,3.723333333333333,3.133333333333333,3.1550000000000002,2.365,2.5220000000000002,2.7169230769230768,Remote Sensing Technicians
19-5011.00,3.8006666666666664,3.57,2.9299999999999997,2.643333333333333,3.63,3.4784615384615383,Occupational Health and Safety Specialists
19-5012.00,3.6166666666666667,3.5366666666666666,3.0700000000000003,2.4966666666666666,3.5060000000000002,3.4269230769230767,Occupational Health and Safety Technicians
21-1011.00,3.395333333333333,3.7183333333333333,2.85,1.7149999999999999,3.934,3.378461538461538,Substance Abuse and Behavioral Disorder Counselors
21-1012.00,3.465333333333333,3.3800000000000003,2.41,1.39,3.752,2.939230769230769,"Educational, Guidance, and Career Counselors and Advisors"
21-1013.00,3.250666666666667,3.431666666666666,2.685,1.2133333333333334,3.78,3.006153846153846,Marriage and Family Therapists
21-1014.00,3.3419999999999996,3.4466666666666668,2.7,1.3566666666666667,4.098,2.825384615384615,Mental Health Counselors
21-1015.00,3.1506666666666665,3.5100000000000002,2.3,1.3383333333333332,3.596,2.904615384615385,Rehabilitation Counselors
21-1021.00,3.162,3.6833333333333336,2.555,1.6533333333333335,3.8880000000000003,3.3492307692307692,"Child, Family, and School Social Workers"
21-1022.00,3.140666666666667,3.543333333333333,2.415,1.6266666666666663,3.8440000000000003,3.1638461538461535,Healthcare Social Workers
21-1023.00,3.284666666666667,3.611666666666667,2.69,1.675,3.8660000000000005,3.154615384615385,Mental Health and Substance Abuse Social Workers
21-1091.00,3.7379999999999995,3.9066666666666667,2.8899999999999997,2.293333333333333,3.9299999999999997,3.4061538461538463,Health Education Specialists
21-1092.00,3.3966666666666665,3.5549999999999997,2.46,2.16,3.4899999999999998,3.1030769230769226,Probation Officers and Correctional Treatment Specialists
21-1093.00,3.1520000000000006,3.316666666666667,2.495,1.8066666666666666,3.7439999999999998,2.9584615384615387,Social and Human Service Assistants
21-1094.00,3.2246666666666663,3.065,2.33,1.6933333333333334,3.6079999999999997,2.5338461538461536,Community Health Workers
21-2011.00,2.8879999999999995,3.4233333333333333,2.5,1.6483333333333334,3.636,3.4215384615384616,Clergy
21-2021.00,3.3553333333333337,3.8333333333333335,2.9050000000000002,2.021666666666667,3.8820000000000006,3.4753846153846153,"Directors, Religious Activities and Education"
23-1011.00,3.5193333333333334,3.703333333333333,2.55,1.5583333333333333,3.2960000000000003,3.3530769230769235,Lawyers
23-1012.00,3.1740000000000004,1.9483333333333335,2.125,1.2333333333333334,2.0060000000000002,1.5146153846153845,Judicial Law Clerks
23-1021.00,3.369333333333334,3.0500000000000003,1.855,1.1266666666666667,2.756,2.3353846153846156,"Administrative Law Judges, Adjudicators, and Hearing Officers"
23-1022.00,3.3939999999999997,2.9,2.525,1.4033333333333333,2.356,2.295384615384615,"Arbitrators, Mediators, and Conciliators"
23-1023.00,3.2933333333333334,3.108333333333333,2.165,1.39,2.768,2.463846153846154,"Judges, Magistrate Judges, and Magistrates"
23-2011.00,3.1893333333333325,2.8216666666666668,1.8650000000000002,1.4783333333333333,2.414,2.1515384615384616,Paralegals and Legal Assistants
23-2093.00,3.3313333333333337,3.1333333333333333,2.33,1.3233333333333335,2.9240000000000004,2.746923076923077,"Title Examiners, Abstractors, and Searchers"
25-1011.00,3.341333333333333,2.983333333333333,2.585,1.53,3.6100000000000003,2.8338461538461535,"Business Teachers, Postsecondary"
25-1021.00,3.6979999999999995,3.2549999999999994,3.3249999999999997,1.675,3.5479999999999996,3.243846153846154,"Computer Science Teachers, Postsecondary"
25-1022.00,3.228,2.8200000000000003,2.48,1.5083333333333335,3.4539999999999997,2.883846153846154,"Mathematical Science Teachers, Postsecondary"
25-1031.00,3.625333333333334,3.82,4.145,1.995,3.564,3.5207692307692304,"Architecture Teachers, Postsecondary"
25-1032.00,3.7486666666666664,3.5716666666666668,3.285,1.9900000000000002,3.3779999999999992,3.290769230769231,"Engineering Teachers, Postsecondary"
25-1041.00,3.74,3.7833333333333337,3.06,2.445,3.812,3.7592307692307694,"Agricultural Sciences Teachers, Postsecondary"
25-1042.00,3.816,3.4866666666666664,2.9650000000000003,1.788333333333333,3.5440000000000005,3.203076923076923,"Biological Science Teachers, Postsecondary"
25-1043.00,4.0006666666666675,3.3600000000000008,3.045,2.17,3.444,3.2007692307692306,"Forestry and Conservation Science Teachers, Postsecondary"
25-1051.00,3.611333333333333,3.2399999999999998,2.975,2.021666666666667,3.6,2.96,"Atmospheric, Earth, Marine, and Space Sciences Teachers, Postsecondary"
25-1052.00,3.498666666666667,3.1199999999999997,2.64,1.9233333333333336,3.376,3.0338461538461536,"Chemistry Teachers, Postsecondary"
25-1053.00,3.7180000000000004,3.396666666666667,2.9099999999999997,2.165,3.4199999999999995,3.101538461538461,"Environmental Science Teachers, Postsecondary"
25-1054.00,3.87,3.316666666666667,3.27,2.095,3.598,3.088461538461538,"Physics Teachers, Postsecondary"
25-1061.00,3.7560000000000002,3.4333333333333336,2.9749999999999996,1.876666666666667,3.724,3.1546153846153846,"Anthropology and Archeology Teachers, Postsecondary"
25-1062.00,3.361333333333333,3.561666666666667,2.755,1.2983333333333331,3.5199999999999996,3.1923076923076925,"Area, Ethnic, and Cultural Studies Teachers, Postsecondary"
25-1063.00,3.6193333333333326,2.638333333333333,2.91,1.5266666666666666,3.0780000000000003,2.7546153846153842,"Economics Teachers, Postsecondary"
25-1064.00,3.829333333333333,3.03,3.035,1.62,3.378,2.913846153846154,"Geography Teachers, Postsecondary"
25-1065.00,3.551333333333333,3.033333333333333,2.6399999999999997,1.1316666666666666,3.088,2.906153846153846,"Political Science Teachers, Postsecondary"
25-1066.00,3.600666666666667,3.53,2.535,1.4416666666666667,4.106,3.276923076923077,"Psychology Teachers, Postsecondary"
25-1067.00,3.518666666666667,3.0483333333333333,2.76,1.2449999999999999,2.934,2.5961538461538463,"Sociology Teachers, Postsecondary"
25-1071.00,3.730666666666666,3.2583333333333333,3.0,2.4366666666666665,3.684,2.9615384615384617,"Health Specialties Teachers, Postsecondary"
25-1072.00,3.792,3.7966666666666664,2.83,2.2366666666666664,4.128,3.5599999999999996,"Nursing Instructors and Teachers, Postsecondary"
25-1081.00,3.385333333333333,3.345,2.6,1.26,3.502,3.193076923076923,"Education Teachers, Postsecondary"
25-1082.00,3.8953333333333333,3.121666666666666,2.9,1.4799999999999998,3.5100000000000002,3.0684615384615386,"Library Science Teachers, Postsecondary"
25-1111.00,3.3906666666666667,3.0,2.8449999999999998,1.4466666666666665,3.3939999999999997,2.581538461538462,"Criminal Justice and Law Enforcement Teachers, Postsecondary"
25-1112.00,3.374,2.84,2.805,1.1016666666666666,3.2399999999999998,2.576923076923077,"Law Teachers, Postsecondary"
25-1113.00,3.552,3.615,2.855,1.4816666666666665,3.5540000000000007,3.1792307692307697,"Social Work Teachers, Postsecondary"
25-1121.00,3.26,3.6133333333333333,3.55,2.4533333333333336,3.9880000000000004,3.5292307692307694,"Art, Drama, and Music Teachers, Postsecondary"
25-1122.00,3.7626666666666675,3.733333333333333,2.96,1.4916666666666665,3.808,3.512307692307693,"Communications Teachers, Postsecondary"
25-1123.00,3.3179999999999996,3.518333333333333,2.7800000000000002,1.4583333333333333,3.628,3.2238461538461536,"English Language and Literature Teachers, Postsecondary"
25-1124.00,3.1339999999999995,2.6,2.7,1.305,3.336,2.403076923076923,"Foreign Language and Literature Teachers, Postsecondary"
25-1125.00,3.533333333333333,3.0100000000000002,2.735,1.2966666666666666,3.2600000000000002,2.632307692307692,"History Teachers, Postsecondary"
25-1126.00,3.2806666666666664,3.2283333333333335,2.63,1.375,3.566,3.0707692307692303,"Philosophy and Religion Teachers, Postsecondary"
25-1192.00,3.2426666666666666,3.2783333333333338,2.535,1.7499999999999998,3.5100000000000002,2.9253846153846155,"Family and Consumer Sciences Teachers, Postsecondary"
25-1193.00,3.466666666666667,3.4683333333333337,2.55,1.8416666666666668,3.822,3.3546153846153848,"Recreation and Fitness Studies Teachers, Postsecondary"
25-1194.00,3.5140000000000002,3.4466666666666668,3.1950000000000003,3.1016666666666666,3.9,3.2884615384615383,"Career/Technical Education Teachers, Postsecondary"
25-2011.00,2.3606666666666665,3.045,2.35,1.8399999999999999,3.282,2.786153846153846,"Preschool Teachers, Except Special Education"
25-2012.00,3.0066666666666664,3.526666666666667,2.66,1.8150000000000002,3.4880000000000004,3.0269230769230764,"Kindergarten Teachers, Except Special Education"
25-2021.00,2.9933333333333336,3.4499999999999997,2.58,1.705,3.7660000000000005,3.1346153846153846,"Elementary School Teachers, Except Special Education"
25-2022.00,3.3313333333333337,3.8033333333333332,2.9699999999999998,1.7750000000000001,3.944,3.3761538461538456,"Middle School Teachers, Except Special and Career/Technical Education"
25-2023.00,3.084,3.288333333333334,2.9299999999999997,1.7683333333333333,3.7019999999999995,3.0469230769230773,"Career/Technical Education Teachers, Middle School"
25-2031.00,3.237333333333334,3.7083333333333335,2.8649999999999998,1.9749999999999999,3.9259999999999997,3.230769230769231,"Secondary School Teachers, Except Special and Career/Technical Education"
25-2032.00,3.7213333333333334,4.041666666666667,3.8200000000000003,3.108333333333333,4.214,3.720769230769231,"Career/Technical Education Teachers, Secondary School"
25-2051.00,3.048,3.2899999999999996,2.68,2.1733333333333333,3.7060000000000004,3.1984615384615385,"Special Education Teachers, Preschool"
25-2055.00,2.8686666666666665,3.1666666666666665,2.48,1.6633333333333333,3.37,2.826923076923077,"Special Education Teachers, Kindergarten"
25-2056.00,3.308,3.36,2.745,1.8016666666666667,3.4560000000000004,2.961538461538461,"Special Education Teachers, Elementary School"
25-2057.00,2.9193333333333342,3.2916666666666665,2.445,1.79,3.442,3.038461538461538,"Special Education Teachers, Middle School"
25-2058.00,3.5120000000000005,3.4949999999999997,3.085,2.0733333333333337,3.7060000000000004,3.1484615384615386,"Special Education Teachers, Secondary School"
25-2059.01,3.3473333333333333,3.561666666666667,3.155,2.6766666666666663,3.7399999999999998,3.194615384615384,Adapted Physical Education Specialists
25-3011.00,2.9113333333333333,2.9983333333333335,2.705,1.6233333333333333,3.46,2.5907692307692307,"Adult Basic Education, Adult Secondary Education, and English as a Second Language Instructors"
25-3021.00,2.939333333333333,2.91,2.77,1.9483333333333335,3.748,3.035384615384615,Self-Enrichment Teachers
25-3031.00,2.541333333333333,2.7583333333333333,1.895,1.8516666666666666,2.756,2.2938461538461534,"Substitute Teachers, Short-Term"
25-3041.00,3.005333333333333,3.013333333333333,2.5949999999999998,1.4766666666666666,3.96,2.6853846153846153,Tutors
25-4011.00,3.6613333333333338,3.5366666666666666,2.69,2.345,3.284,3.1592307692307693,Archivists
25-4012.00,3.428666666666667,3.4500000000000006,3.32,2.365,3.1759999999999997,2.9784615384615387,Curators
25-4013.00,3.6739999999999995,3.235,3.485,2.9333333333333336,3.082,2.8492307692307692,Museum Technicians and Conservators
25-4022.00,3.82,3.5483333333333333,2.515,1.8633333333333335,3.622,3.0976923076923075,Librarians and Media Collections Specialists
25-4031.00,2.8746666666666667,2.855,2.0700000000000003,2.195,2.502,2.1000000000000005,Library Technicians
25-9021.00,3.5060000000000002,3.6750000000000003,2.5700000000000003,2.375,3.752,3.3207692307692303,Farm and Home Management Educators
25-9031.00,3.488,3.7249999999999996,2.59,1.6749999999999998,3.8019999999999996,3.376153846153847,Instructional Coordinators
25-9042.00,3.0940000000000003,3.731666666666667,2.91,1.9816666666666665,3.3340000000000005,2.673076923076923,"Teaching Assistants, Preschool, Elementary, Middle, and Secondary School, Except Special Education"
25-9043.00,2.7800000000000002,2.9033333333333338,2.26,1.8716666666666668,3.25,2.714615384615385,"Teaching Assistants, Special Education"
25-9044.00,3.127333333333333,2.8716666666666666,2.84,1.6733333333333336,3.2399999999999998,2.619230769230769,"Teaching Assistants, Postsecondary"
27-1011.00,3.3399999999999994,3.151666666666667,3.7,1.555,2.9899999999999998,2.9776923076923083,Art Directors
27-1012.00,2.7680000000000002,2.8083333333333336,3.455,2.7183333333333333,2.614,2.2407692307692306,Craft Artists
27-1013.00,2.68,2.273333333333334,3.655,2.1966666666666668,1.8900000000000001,1.679230769230769,"Fine Artists, Including Painters, Sculptors, and Illustrators"
27-1014.00,3.4626666666666663,2.7716666666666665,3.1750000000000003,1.8933333333333333,2.772,2.7353846153846155,Special Effects Artists and Animators
27-1021.00,3.2313333333333336,2.9483333333333337,4.2700000000000005,2.0900000000000003,2.2600000000000002,2.422307692307693,Commercial and Industrial Designers
27-1022.00,3.3646666666666665,3.5733333333333337,3.9299999999999997,2.108333333333333,2.932,3.388461538461539,Fashion Designers
27-1023.00,3.0420000000000003,3.401666666666667,3.25,2.595,3.18,3.126153846153846,Floral Designers
27-1024.00,3.333999999999999,3.311666666666667,4.03,1.84,2.992,3.0100000000000002,Graphic Designers
27-1025.00,3.3753333333333333,3.6649999999999996,4.515000000000001,1.8633333333333333,3.214,3.4884615384615385,Interior Designers
27-1026.00,2.858,3.271666666666667,3.1350000000000002,2.518333333333333,3.022,2.953076923076923,Merchandise Displayers and Window Trimmers
27-1027.00,3.1366666666666663,3.3200000000000003,4.664999999999999,1.86,2.364,2.8046153846153845,Set and Exhibit Designers
27-2011.00,2.482666666666667,2.518333333333333,2.885,1.9583333333333333,2.3939999999999997,2.152307692307692,Actors
27-2012.00,3.4779999999999998,3.4399999999999995,3.235,2.123333333333333,2.9,3.0684615384615386,Producers and Directors
27-2012.03,3.5506666666666664,3.6383333333333336,2.955,1.8133333333333335,3.6300000000000003,3.6623076923076923,Media Programming Directors
27-2012.04,2.743333333333333,3.2450000000000006,2.635,1.3933333333333333,2.764,2.6815384615384614,Talent Directors
27-2012.05,3.526666666666667,3.236666666666667,3.4299999999999997,2.936666666666666,2.8579999999999997,2.917692307692308,Media Technical Directors/Managers
27-2021.00,3.243333333333333,3.4,2.9850000000000003,3.035,3.22,3.1030769230769235,Athletes and Sports Competitors
27-2022.00,3.149333333333333,3.7483333333333335,2.895,2.308333333333333,3.5379999999999994,3.5676923076923077,Coaches and Scouts
27-2023.00,2.6759999999999997,2.4416666666666664,1.6199999999999999,1.7066666666666663,2.8099999999999996,2.617692307692308,"Umpires, Referees, and Other Sports Officials"
27-2031.00,2.0313333333333334,2.1783333333333332,2.295,2.0566666666666666,2.5759999999999996,2.1953846153846155,Dancers
27-2032.00,2.429333333333333,3.625,3.12,1.985,3.874,3.6030769230769226,Choreographers
27-2041.00,2.9139999999999997,3.4249999999999994,2.995,1.7716666666666665,3.1279999999999997,2.9923076923076923,Music Directors and Composers
27-2042.00,2.554666666666667,2.585,2.61,1.985,2.724,2.393846153846154,Musicians and Singers
27-2091.00,3.386666666666667,3.2583333333333333,3.335,3.2866666666666666,3.1120000000000005,2.7361538461538464,"Disc Jockeys, Except Radio"
27-3011.00,3.2273333333333336,3.0483333333333333,3.025,1.8483333333333334,2.8440000000000003,2.6107692307692307,Broadcast Announcers and Radio Disc Jockeys
27-3023.00,3.718666666666667,3.046666666666667,3.18,2.138333333333333,2.8480000000000003,2.37,"News Analysts, Reporters, and Journalists"
27-3031.00,3.4326666666666656,3.9066666666666667,2.93,1.3716666666666668,3.564,3.5653846153846156,Public Relations Specialists
27-3041.00,3.845333333333333,3.858333333333333,3.275,1.9983333333333333,3.476,3.4346153846153844,Editors
27-3042.00,3.538,2.7983333333333333,3.165,1.695,2.302,2.4107692307692306,Technical Writers
27-3043.00,3.456666666666666,3.055,3.025,1.3,2.1900000000000004,2.3569230769230773,Writers and Authors
27-3043.05,3.0146666666666664,2.7866666666666666,2.9499999999999997,1.4183333333333332,2.338,2.2023076923076923,"Poets, Lyricists and Creative Writers"
27-3091.00,3.2466666666666675,2.8883333333333336,2.605,1.7183333333333335,3.222,2.686153846153846,Interpreters and Translators
27-3092.00,3.076,2.5083333333333333,1.7149999999999999,2.18,2.2960000000000003,1.8399999999999999,Court Reporters and Simultaneous Captioners
27-4011.00,3.6060000000000003,3.23,3.4350000000000005,3.123333333333333,2.8899999999999997,2.3738461538461535,Audio and Video Technicians
27-4012.00,3.9366666666666665,2.945,4.085,3.391666666666666,2.81,2.4053846153846155,Broadcast Technicians
27-4014.00,3.4973333333333327,3.315,3.525,2.6566666666666667,2.784,2.8246153846153845,Sound Engineering Technicians
27-4021.00,3.344,3.7083333333333335,3.1149999999999998,2.703333333333333,3.3899999999999997,3.3146153846153847,Photographers
27-4031.00,3.3633333333333337,2.9033333333333338,3.2699999999999996,3.2883333333333336,3.058,2.713076923076923,"Camera Operators, Television, Video, and Film"
27-4032.00,3.6493333333333333,3.28,3.5500000000000003,2.1533333333333333,2.87,2.9061538461538463,Film and Video Editors
29-1011.00,3.472000000000001,2.751666666666667,2.25,2.9316666666666666,4.098000000000001,2.756153846153846,Chiropractors
29-1021.00,3.4259999999999993,3.5133333333333336,2.89,2.723333333333333,3.914,3.483076923076923,"Dentists, General"
29-1022.00,3.866666666666667,3.8949999999999996,3.05,3.2016666666666667,4.2540000000000004,3.724615384615385,Oral and Maxillofacial Surgeons
29-1023.00,3.296,3.4933333333333336,2.855,2.1550000000000002,3.6340000000000003,3.605384615384615,Orthodontists
29-1024.00,3.8993333333333338,3.856666666666667,3.84,3.2900000000000005,4.226000000000001,3.8215384615384616,Prosthodontists
29-1031.00,3.45,3.1333333333333333,2.265,1.4699999999999998,3.854,2.8884615384615384,Dietitians and Nutritionists
29-1041.00,3.9966666666666675,3.515,2.525,2.3499999999999996,4.056,3.512307692307692,Optometrists
29-1051.00,3.732666666666667,3.3816666666666664,2.3499999999999996,1.8250000000000002,4.076,3.2453846153846153,Pharmacists
29-1071.00,3.7779999999999996,3.2916666666666665,2.275,2.02,4.08,3.082307692307693,Physician Assistants
29-1071.01,3.6186666666666665,2.5233333333333334,2.095,2.86,3.37,2.4176923076923074,Anesthesiologist Assistants
29-1081.00,3.445333333333333,3.1166666666666667,2.6399999999999997,2.3866666666666663,3.7020000000000004,2.952307692307692,Podiatrists
29-1122.00,3.44,3.4616666666666664,2.82,2.43,3.8899999999999997,3.1361538461538463,Occupational Therapists
29-1122.01,3.0859999999999994,3.2833333333333337,2.565,2.2183333333333333,3.836,2.856923076923077,"Low Vision Therapists, Orientation and Mobility Specialists, and Vision Rehabilitation Therapists"
29-1123.00,3.3573333333333326,3.393333333333333,2.645,2.5816666666666666,4.0280000000000005,3.056923076923077,Physical Therapists
29-1124.00,3.806666666666666,3.23,3.075,3.5999999999999996,3.6979999999999995,2.885384615384616,Radiation Therapists
29-1125.00,3.0933333333333337,3.778333333333333,3.07,2.461666666666667,3.812,3.346153846153846,Recreational Therapists
29-1126.00,3.9073333333333333,3.2483333333333335,2.6,3.3266666666666667,3.7339999999999995,2.883846153846154,Respiratory Therapists
29-1127.00,3.4,3.346666666666667,2.455,1.6166666666666665,3.664,2.6599999999999997,Speech-Language Pathologists
29-1128.00,3.492,2.9716666666666662,2.56,2.5733333333333333,4.0280000000000005,3.063076923076923,Exercise Physiologists
29-1129.01,3.063333333333333,3.4616666666666673,3.03,1.82,3.6580000000000004,2.775384615384615,Art Therapists
29-1129.02,3.047333333333333,3.461666666666666,3.19,2.1716666666666664,3.8280000000000003,3.046923076923077,Music Therapists
29-1131.00,3.424,2.736666666666667,2.0549999999999997,2.191666666666667,3.2840000000000003,2.893076923076923,Veterinarians
29-1141.00,3.657333333333333,3.4883333333333333,2.745,2.8783333333333334,3.9560000000000004,3.393076923076923,Registered Nurses
29-1141.01,3.645333333333333,3.5366666666666666,2.465,2.6933333333333334,3.9440000000000004,3.444615384615385,Acute Care Nurses
29-1141.02,3.6033333333333335,3.5416666666666665,2.67,1.4883333333333333,3.95,3.103846153846154,Advanced Practice Psychiatric Nurses
29-1141.03,3.7359999999999998,3.4466666666666668,2.535,2.808333333333333,4.076,3.243076923076923,Critical Care Nurses
29-1141.04,3.6519999999999997,3.536666666666667,2.785,2.0683333333333334,4.194,3.4353846153846153,Clinical Nurse Specialists
29-1151.00,4.009333333333333,3.606666666666667,2.71,3.2183333333333333,4.0440000000000005,3.5,Nurse Anesthetists
29-1161.00,3.6300000000000003,3.59,2.36,2.296666666666667,4.072,3.4253846153846155,Nurse Midwives
29-1171.00,3.65,3.2983333333333333,2.375,2.0566666666666666,4.022,3.2446153846153845,Nurse Practitioners
29-1181.00,4.0233333333333325,3.545,2.705,2.7933333333333334,4.224,3.5215384615384617,Audiologists
29-1211.00,4.050000000000001,3.991666666666667,2.66,2.5183333333333335,4.354,3.873846153846154,Anesthesiologists
29-1213.00,3.326666666666667,3.326666666666666,1.87,1.7299999999999998,3.6380000000000003,2.963846153846154,Dermatologists
29-1214.00,3.8626666666666667,3.2750000000000004,2.4749999999999996,2.225,4.148000000000001,3.2338461538461534,Emergency Medicine Physicians
29-1215.00,3.538,2.4299999999999997,1.7049999999999998,1.3549999999999998,3.2359999999999998,2.373846153846154,Family Medicine Physicians
29-1216.00,3.767333333333333,3.1483333333333334,2.31,2.146666666666667,3.588,2.8,General Internal Medicine Physicians
29-1217.00,3.9053333333333327,3.6383333333333336,2.65,1.8983333333333334,4.15,3.4076923076923076,Neurologists
29-1218.00,3.7999999999999994,3.513333333333333,2.535,2.496666666666667,4.311999999999999,3.164615384615385,Obstetricians and Gynecologists
29-1221.00,3.559333333333333,2.815,1.8399999999999999,1.8316666666666668,3.7599999999999993,3.028461538461538,"Pediatricians, General"
29-1222.00,3.8173333333333335,3.15,2.895,2.4216666666666664,3.0940000000000003,2.8292307692307688,"Physicians, Pathologists"
29-1223.00,3.7239999999999998,3.5683333333333334,2.95,1.7149999999999999,3.8579999999999997,3.5907692307692303,Psychiatrists
29-1224.00,3.901333333333333,3.185,2.83,2.6750000000000003,3.8340000000000005,2.790769230769231,Radiologists
29-1229.01,3.6880000000000006,3.1966666666666668,2.335,1.6450000000000002,3.8379999999999996,3.014615384615385,Allergists and Immunologists
29-1229.02,3.876666666666667,3.706666666666667,2.36,1.8216666666666665,3.904,3.292307692307692,Hospitalists
29-1229.03,4.002666666666666,3.7883333333333336,3.17,3.0733333333333337,4.132000000000001,3.393076923076923,Urologists
29-1229.04,3.734666666666667,3.4250000000000003,2.5949999999999998,2.14,3.8280000000000003,3.196923076923077,Physical Medicine and Rehabilitation Physicians
29-1229.05,3.8459999999999996,3.6100000000000008,2.52,1.5966666666666667,3.8840000000000003,3.6146153846153855,Preventive Medicine Physicians
29-1229.06,3.503333333333333,3.2099999999999995,2.36,1.9433333333333334,3.814,3.1792307692307693,Sports Medicine Physicians
29-1241.00,3.936666666666667,3.671666666666667,3.025,2.8666666666666667,3.8739999999999997,3.418461538461538,"Ophthalmologists, Except Pediatric"
29-1291.00,3.0986666666666673,2.973333333333334,2.45,1.9499999999999995,3.6599999999999993,2.4476923076923076,Acupuncturists
29-1292.00,3.5100000000000002,3.373333333333333,2.755,2.9233333333333333,3.6620000000000004,3.083846153846154,Dental Hygienists
29-1299.01,3.602666666666667,3.315,2.5,1.7666666666666666,3.7600000000000002,2.966153846153847,Naturopathic Physicians
29-1299.02,3.4626666666666663,2.5749999999999997,2.285,2.095,3.7640000000000002,2.6192307692307697,Orthoptists
29-2011.00,4.012666666666667,3.2533333333333334,2.65,3.3149999999999995,3.4159999999999995,2.9630769230769234,Medical and Clinical Laboratory Technologists
29-2011.01,3.3699999999999997,2.5333333333333337,1.9,2.3333333333333335,2.42,2.373076923076923,Cytogenetic Technologists
29-2011.02,3.2373333333333334,2.4683333333333333,1.705,2.158333333333333,2.4259999999999997,2.316923076923077,Cytotechnologists
29-2011.04,3.0386666666666664,2.8550000000000004,2.275,2.766666666666667,2.354,2.606923076923077,Histotechnologists
29-2012.00,3.816666666666667,2.8733333333333335,2.6799999999999997,3.078333333333333,3.0220000000000002,2.543846153846154,Medical and Clinical Laboratory Technicians
29-2012.01,2.9239999999999995,2.723333333333333,2.08,2.646666666666667,2.2640000000000002,2.383076923076923,Histology Technicians
29-2031.00,3.5200000000000005,2.735,2.4299999999999997,3.151666666666667,3.248,2.446153846153846,Cardiovascular Technologists and Technicians
29-2032.00,3.3173333333333335,2.9783333333333335,2.125,2.8433333333333333,3.31,2.37,Diagnostic Medical Sonographers
29-2033.00,3.4720000000000004,3.1333333333333333,2.38,3.0416666666666665,3.4939999999999998,2.7384615384615385,Nuclear Medicine Technologists
29-2034.00,3.6566666666666667,3.3033333333333332,2.675,3.3466666666666662,3.758,3.0584615384615383,Radiologic Technologists and Technicians
29-2035.00,3.550666666666667,3.0666666666666664,2.8049999999999997,3.115,3.7939999999999996,2.960769230769231,Magnetic Resonance Imaging Technologists
29-2036.00,3.680666666666667,3.103333333333333,3.295,1.9383333333333332,2.7099999999999995,2.5292307692307694,Medical Dosimetrists
29-2043.00,3.3160000000000003,3.055,2.49,3.28,3.9560000000000004,3.0876923076923073,Paramedics
29-2051.00,3.4733333333333336,3.5150000000000006,3.02,2.9416666666666664,3.682,3.350769230769231,Dietetic Technicians
29-2052.00,3.4293333333333336,3.158333333333333,2.235,2.46,3.41,2.8053846153846154,Pharmacy Technicians
29-2053.00,2.7353333333333327,3.188333333333334,2.13,2.03,3.4160000000000004,2.7792307692307694,Psychiatric Technicians
29-2055.00,3.8579999999999997,3.6733333333333333,3.605,3.721666666666667,3.6159999999999997,3.267692307692308,Surgical Technologists
29-2056.00,3.5460000000000003,3.1116666666666664,2.445,3.171666666666667,3.508,2.933846153846154,Veterinary Technologists and Technicians
29-2057.00,3.282666666666666,2.7566666666666664,1.7850000000000001,2.2716666666666665,3.7660000000000005,2.783846153846154,Ophthalmic Medical Technicians
29-2061.00,3.4246666666666665,3.47,2.4699999999999998,2.526666666666667,3.4699999999999998,3.1276923076923073,Licensed Practical and Licensed Vocational Nurses
29-2072.00,3.242,2.9183333333333334,1.94,1.7333333333333332,2.838,2.7007692307692306,Medical Records Specialists
29-2081.00,3.8379999999999996,3.4949999999999997,3.045,2.6750000000000003,4.114,3.6769230769230767,"Opticians, Dispensing"
29-2091.00,3.61,3.4666666666666663,3.55,3.16,3.7619999999999996,3.0930769230769233,Orthotists and Prosthetists
29-2092.00,3.5933333333333333,3.0750000000000006,2.67,2.665,3.4240000000000004,2.7315384615384612,Hearing Aid Specialists
29-2099.01,3.8246666666666664,3.2916666666666665,2.43,2.9466666666666668,3.832,3.1476923076923073,Neurodiagnostic Technologists
29-2099.05,3.24,2.811666666666667,1.725,2.475,3.6700000000000004,2.8999999999999995,Ophthalmic Medical Technologists
29-2099.08,3.416,3.53,2.8,1.5566666666666666,3.53,2.8769230769230774,Patient Representatives
29-9091.00,3.0573333333333337,3.126666666666667,2.85,2.2266666666666666,3.4019999999999997,2.5707692307692307,Athletic Trainers
29-9092.00,3.7899999999999996,3.1016666666666666,2.17,1.1183333333333332,3.942,2.804615384615384,Genetic Counselors
29-9093.00,3.472,3.1733333333333333,2.795,3.2733333333333334,3.8240000000000003,2.9553846153846157,Surgical Assistants
29-9099.01,3.5353333333333334,3.51,2.56,2.53,3.972,3.3369230769230773,Midwives
31-1121.00,3.399333333333333,3.563333333333334,3.365,2.893333333333333,3.65,3.286153846153846,Home Health Aides
31-1122.00,3.4806666666666666,3.4633333333333334,3.05,3.116666666666667,3.871999999999999,3.3376923076923077,Personal Care Aides
31-1131.00,3.022,2.99,2.5949999999999998,2.6333333333333333,3.276,2.8123076923076917,Nursing Assistants
31-1132.00,2.577999999999999,2.605,1.8,2.8250000000000006,3.158,2.320769230769231,Orderlies
31-1133.00,3.146,3.1950000000000003,2.5100000000000002,2.3866666666666667,3.626,2.99,Psychiatric Aides
31-2011.00,3.263333333333333,3.448333333333333,3.1999999999999997,2.5716666666666668,3.7459999999999996,2.9546153846153844,Occupational Therapy Assistants
31-2012.00,3.385333333333333,3.5400000000000005,2.965,3.1616666666666666,4.006,3.2899999999999996,Occupational Therapy Aides
31-2021.00,3.3793333333333337,2.9916666666666667,2.8600000000000003,3.0499999999999994,3.806,2.77,Physical Therapist Assistants
31-2022.00,3.14,3.016666666666667,2.61,2.5966666666666667,3.6620000000000004,2.6769230769230767,Physical Therapist Aides
31-9011.00,2.5200000000000005,2.525,2.115,2.24,3.0260000000000002,2.0715384615384616,Massage Therapists
31-9091.00,3.5519999999999996,3.421666666666667,2.7800000000000002,2.865,3.7920000000000003,3.1453846153846152,Dental Assistants
31-9092.00,3.9613333333333336,3.513333333333333,3.17,3.0,3.6800000000000006,3.0961538461538467,Medical Assistants
31-9093.00,3.730666666666667,3.595,3.035,3.7183333333333337,3.6020000000000003,3.328461538461539,Medical Equipment Preparers
31-9094.00,3.114,2.61,1.37,1.655,2.536,1.9400000000000002,Medical Transcriptionists
31-9095.00,3.6540000000000004,2.8349999999999995,2.02,2.35,3.478,2.524615384615385,Pharmacy Aides
31-9096.00,3.3513333333333333,3.1316666666666664,2.425,3.216666666666667,3.4760000000000004,2.9123076923076923,Veterinary Assistants and Laboratory Animal Caretakers
31-9097.00,3.3466666666666662,3.106666666666667,2.28,2.8066666666666666,3.69,3.084615384615385,Phlebotomists
31-9099.01,3.016666666666667,2.9466666666666668,2.725,1.8099999999999998,3.036,2.233076923076923,Speech-Language Pathology Assistants
31-9099.02,3.5039999999999996,3.23,2.795,3.595,3.6480000000000006,3.0707692307692303,Endoscopy Technicians
33-1011.00,3.6000000000000005,3.828333333333333,2.825,2.775,3.896,3.8230769230769233,First-Line Supervisors of Correctional Officers
33-1012.00,3.7366666666666664,3.8083333333333336,3.0999999999999996,3.143333333333333,4.042,3.8146153846153843,First-Line Supervisors of Police and Detectives
33-1021.00,3.3640000000000003,3.5716666666666668,3.215,3.2566666666666664,3.972,3.509230769230769,First-Line Supervisors of Firefighting and Prevention Workers
33-1091.00,3.2599999999999993,3.513333333333333,2.44,2.6966666666666668,3.4619999999999997,3.5938461538461537,First-Line Supervisors of Security Workers
33-2011.00,3.1753333333333336,3.183333333333333,2.89,3.545,3.4799999999999995,3.0161538461538457,Firefighters
33-2021.00,3.6266666666666674,3.4350000000000005,2.8200000000000003,2.7866666666666666,3.55,3.0053846153846147,Fire Inspectors and Investigators
33-2022.00,3.369333333333334,3.5766666666666667,2.76,3.5700000000000003,3.646,3.420769230769231,Forest Fire Inspectors and Prevention Specialists
33-3011.00,3.2173333333333334,3.2933333333333334,2.36,2.768333333333334,3.728,3.196153846153846,Bailiffs
33-3012.00,3.3846666666666665,3.58,3.0,2.935,3.6040000000000005,3.4992307692307696,Correctional Officers and Jailers
33-3021.00,3.8879999999999995,3.746666666666666,3.6100000000000003,2.7633333333333336,3.978,3.6076923076923078,Detectives and Criminal Investigators
33-3021.02,3.4386666666666668,3.178333333333333,2.865,2.873333333333333,3.2560000000000002,2.701538461538462,Police Identification and Records Officers
33-3021.06,3.5586666666666664,2.8666666666666667,2.84,1.4433333333333331,2.836,2.87,Intelligence Analysts
33-3031.00,3.356,3.1366666666666667,2.415,3.2566666666666664,2.874,2.436153846153846,Fish and Game Wardens
33-3041.00,3.2733333333333334,2.685,2.285,3.2983333333333333,3.19,2.5446153846153843,Parking Enforcement Workers
33-3051.00,3.5846666666666662,3.4666666666666663,2.93,3.158333333333333,4.052,3.1215384615384614,Police and Sheriff's Patrol Officers
33-3051.04,3.800666666666666,3.151666666666667,2.4749999999999996,2.7366666666666664,3.3200000000000003,2.8323076923076917,Customs and Border Protection Officers
33-3052.00,3.430666666666667,3.455,2.615,3.0083333333333333,3.7960000000000003,3.3207692307692316,Transit and Railroad Police
33-9011.00,3.338666666666667,3.568333333333333,2.8049999999999997,3.1300000000000003,3.716,3.170769230769231,Animal Control Workers
33-9021.00,3.5633333333333335,3.3533333333333335,2.6,2.3066666666666666,2.606,2.5869230769230764,Private Detectives and Investigators
33-9031.00,3.666666666666666,3.146666666666667,2.66,2.146666666666667,3.034,2.673076923076923,Gambling Surveillance Officers and Gambling Investigators
33-9032.00,3.6820000000000004,3.903333333333333,3.0949999999999998,2.8866666666666667,3.8840000000000003,3.657692307692308,Security Guards
33-9091.00,2.3846666666666665,2.4566666666666666,1.945,2.18,2.8120000000000003,2.0476923076923077,Crossing Guards and Flaggers
33-9092.00,2.8193333333333332,2.841666666666667,2.25,2.8699999999999997,3.717999999999999,2.851538461538461,"Lifeguards, Ski Patrol, and Other Recreational Protective Service Workers"
33-9093.00,3.086,2.731666666666667,1.7599999999999998,2.91,3.2359999999999998,2.7961538461538464,Transportation Security Screeners
33-9094.00,2.7939999999999996,2.7916666666666665,2.585,2.4583333333333335,3.118,2.51,School Bus Monitors
33-9099.02,3.491333333333333,3.4083333333333337,2.565,2.4633333333333334,3.2660000000000005,3.109230769230769,Retail Loss Prevention Specialists
35-1011.00,3.119333333333334,3.72,2.96,2.8983333333333334,3.5099999999999993,3.5838461538461535,Chefs and Head Cooks
35-1012.00,3.441333333333334,3.59,2.79,3.025,3.594,3.588461538461539,First-Line Supervisors of Food Preparation and Serving Workers
35-2011.00,2.749333333333333,2.753333333333334,1.9649999999999999,2.5883333333333334,2.902,2.6707692307692312,"Cooks, Fast Food"
35-2012.00,2.8533333333333335,3.1016666666666666,2.015,2.5316666666666667,3.1260000000000003,2.763076923076923,"Cooks, Institution and Cafeteria"
35-2013.00,2.627333333333333,3.14,2.5,2.456666666666667,2.6159999999999997,2.526923076923077,"Cooks, Private Household"
35-2014.00,2.1286666666666667,2.3583333333333334,1.905,2.4116666666666666,2.364,2.2092307692307696,"Cooks, Restaurant"
35-2015.00,2.4966666666666666,2.5016666666666665,2.06,2.11,2.41,2.2823076923076924,"Cooks, Short Order"
35-2021.00,2.4106666666666663,2.4183333333333334,1.9499999999999997,2.41,2.728,2.528461538461538,Food Preparation Workers
35-3011.00,2.880666666666667,3.233333333333333,2.435,2.481666666666667,3.444,3.1799999999999993,Bartenders
35-3023.00,2.2939999999999996,2.556666666666667,1.71,2.0050000000000003,2.7979999999999996,2.340769230769231,Fast Food and Counter Workers
35-3023.01,2.2493333333333334,2.52,1.955,2.3233333333333333,2.7299999999999995,2.5576923076923075,Baristas
35-3031.00,2.554,2.405,1.935,2.325,2.816,2.5100000000000002,Waiters and Waitresses
35-3041.00,2.76,2.8183333333333334,2.16,2.64,3.3739999999999997,2.644615384615385,"Food Servers, Nonrestaurant"
35-9011.00,2.694666666666667,2.9866666666666664,2.4850000000000003,2.36,3.1,2.8361538461538465,Dining Room and Cafeteria Attendants and Bartender Helpers
35-9021.00,2.286,2.4650000000000003,2.05,2.6933333333333334,2.652,2.338461538461538,Dishwashers
35-9031.00,2.6586666666666665,2.8000000000000003,1.955,2.4483333333333337,3.0140000000000002,2.77,"Hosts and Hostesses, Restaurant, Lounge, and Coffee Shop"
37-1011.00,3.5880000000000005,3.9033333333333338,2.955,3.1300000000000003,3.974,3.918461538461538,First-Line Supervisors of Housekeeping and Janitorial Workers
37-1012.00,3.5020000000000002,3.9583333333333335,3.365,3.735,3.5480000000000005,3.6984615384615385,"First-Line Supervisors of Landscaping, Lawn Service, and Groundskeeping Workers"
37-2011.00,2.9299999999999997,3.3216666666666668,2.51,3.0066666666666664,2.974,2.8976923076923073,"Janitors and Cleaners, Except Maids and Housekeeping Cleaners"
37-2012.00,2.3546666666666667,2.64,1.7999999999999998,2.555,2.7399999999999998,2.250769230769231,Maids and Housekeeping Cleaners
37-2021.00,3.0186666666666664,3.1133333333333333,2.54,3.1350000000000002,2.872,2.724615384615385,Pest Control Workers
37-3011.00,1.6786666666666663,1.6216666666666668,1.525,2.68,1.5900000000000003,1.43,Landscaping and Groundskeeping Workers
37-3012.00,3.019999999999999,2.8016666666666663,1.94,2.918333333333333,2.4139999999999997,1.9084615384615384,"Pesticide Handlers, Sprayers, and Applicators, Vegetation"
37-3013.00,2.813333333333333,2.7550000000000003,2.52,3.6633333333333327,2.8259999999999996,2.487692307692307,Tree Trimmers and Pruners
39-1013.00,2.81,2.775,1.8250000000000002,2.118333333333333,3.2040000000000006,2.8976923076923073,First-Line Supervisors of Gambling Services Workers
39-1014.00,2.9626666666666663,3.3433333333333333,2.875,2.2883333333333336,3.4880000000000004,3.3230769230769233,"First-Line Supervisors of Entertainment and Recreation Workers, Except Gambling Services"
39-1022.00,3.4560000000000004,3.233333333333333,2.415,2.3699999999999997,3.3340000000000005,3.297692307692308,First-Line Supervisors of Personal Service Workers
39-2011.00,2.772666666666667,3.2000000000000006,2.6350000000000002,2.4166666666666665,3.622,3.0399999999999996,Animal Trainers
39-2021.00,2.8666666666666667,2.9133333333333336,2.355,2.66,2.9379999999999997,2.4430769230769234,Animal Caretakers
39-3011.00,1.9266666666666665,1.9816666666666667,1.45,1.8933333333333333,2.722,2.0546153846153845,Gambling Dealers
39-3012.00,2.558666666666667,2.4183333333333334,1.87,2.0383333333333336,2.9859999999999998,2.539230769230769,Gambling and Sports Book Writers and Runners
39-3021.00,2.713333333333333,2.32,1.905,2.7366666666666664,2.528,2.0292307692307694,Motion Picture Projectionists
39-3031.00,2.2293333333333334,1.9333333333333333,1.7199999999999998,2.006666666666667,3.082,2.1592307692307693,"Ushers, Lobby Attendants, and Ticket Takers"
39-3091.00,2.681333333333334,2.6366666666666667,2.5549999999999997,2.2183333333333333,3.128,2.673076923076923,Amusement and Recreation Attendants
39-3092.00,2.8466666666666667,3.033333333333333,3.17,2.6466666666666665,2.5479999999999996,2.540769230769231,Costume Attendants
39-3093.00,2.7820000000000005,2.965,2.23,2.6166666666666663,2.9219999999999997,2.574615384615385,"Locker Room, Coatroom, and Dressing Room Attendants"
39-4011.00,3.0800000000000005,3.0766666666666667,2.455,3.103333333333333,3.168,2.4123076923076923,Embalmers
39-4021.00,2.563333333333333,2.388333333333333,2.045,2.975,3.178,2.2192307692307693,Funeral Attendants
39-4031.00,3.2933333333333334,3.7350000000000008,2.915,3.151666666666667,3.7119999999999997,3.327692307692308,"Morticians, Undertakers, and Funeral Arrangers"
39-5011.00,2.928666666666666,3.3366666666666664,2.56,2.6,3.7060000000000004,3.1415384615384623,Barbers
39-5012.00,3.076,3.0833333333333335,2.9450000000000003,2.6733333333333333,3.558,3.075384615384615,"Hairdressers, Hairstylists, and Cosmetologists"
39-5091.00,2.8313333333333333,3.475,3.16,2.22,3.192,3.063846153846154,"Makeup Artists, Theatrical and Performance"
39-5092.00,2.12,2.3866666666666667,2.19,2.0500000000000003,2.7,2.1384615384615384,Manicurists and Pedicurists
39-5093.00,2.496,2.8066666666666666,2.2399999999999998,2.1566666666666667,3.0140000000000002,2.6869230769230774,Shampooers
39-5094.00,3.179333333333333,3.7116666666666664,2.7649999999999997,2.715,3.974,3.3461538461538463,Skincare Specialists
39-6011.00,3.041333333333333,3.0116666666666667,2.27,3.4216666666666664,3.7099999999999995,2.9469230769230768,Baggage Porters and Bellhops
39-6012.00,3.174,3.1916666666666664,2.7,1.8316666666666663,3.6379999999999995,3.1330769230769233,Concierges
39-7011.00,2.6553333333333335,2.348333333333333,2.0300000000000002,1.7233333333333334,2.896,2.1553846153846155,Tour Guides and Escorts
39-7012.00,2.9819999999999998,3.1283333333333334,2.83,2.725,3.332,2.835384615384615,Travel Guides
39-9011.00,2.4019999999999997,3.055,2.56,1.9766666666666666,3.118,2.7146153846153847,Childcare Workers
39-9011.01,2.3833333333333337,3.293333333333333,2.56,2.4983333333333335,3.2199999999999998,2.576923076923077,Nannies
39-9031.00,2.895333333333333,2.9683333333333337,2.86,2.5933333333333333,3.772,2.879230769230769,Exercise Trainers and Group Fitness Instructors
39-9032.00,3.5780000000000003,3.9683333333333337,3.0949999999999998,2.735,3.7079999999999997,3.575384615384616,Recreation Workers
39-9041.00,3.0993333333333335,3.6966666666666668,2.505,2.236666666666667,3.6239999999999997,3.2438461538461545,Residential Advisors
41-1011.00,2.914,3.336666666666666,1.92,2.105,3.592,3.511538461538462,First-Line Supervisors of Retail Sales Workers
41-1012.00,3.420666666666667,3.6933333333333334,2.31,2.2166666666666663,3.582,3.895384615384616,First-Line Supervisors of Non-Retail Sales Workers
41-2011.00,2.473333333333334,2.14,1.845,2.0433333333333334,2.7439999999999998,2.174615384615385,Cashiers
41-2012.00,3.0853333333333333,3.0900000000000003,2.4299999999999997,2.603333333333333,3.4200000000000004,2.8553846153846156,Gambling Change Persons and Booth Cashiers
41-2021.00,2.996,2.921666666666667,2.62,2.8000000000000007,3.2079999999999997,2.8600000000000003,Counter and Rental Clerks
41-2022.00,3.451333333333334,3.438333333333334,3.015,3.0116666666666667,3.3160000000000003,3.191538461538461,Parts Salespersons
41-2031.00,2.960666666666667,2.795,2.25,2.505,3.034,2.8061538461538458,Retail Salespersons
41-3011.00,3.4353333333333333,3.7383333333333333,2.865,1.6233333333333333,2.746,3.4830769230769225,Advertising Sales Agents
41-3021.00,2.944,2.9450000000000003,2.275,1.5766666666666664,2.46,2.5976923076923075,Insurance Sales Agents
41-3031.00,3.3759999999999994,3.078333333333333,2.14,1.3916666666666668,2.744,2.755384615384616,"Securities, Commodities, and Financial Services Sales Agents"
41-3041.00,3.397333333333333,2.908333333333333,2.29,1.5716666666666665,2.914,2.689230769230769,Travel Agents
41-3091.00,3.4713333333333334,3.3966666666666665,3.085,1.6000000000000003,2.8779999999999997,2.8423076923076924,"Sales Representatives of Services, Except Advertising, Insurance, Financial Services, and Travel"
41-4011.00,2.445333333333333,2.7466666666666666,1.8499999999999999,1.54,2.186,2.3207692307692307,"Sales Representatives, Wholesale and Manufacturing, Technical and Scientific Products"
41-4011.07,3.6046666666666662,3.268333333333333,2.98,1.9666666666666666,2.7399999999999998,3.085384615384615,Solar Sales Representatives and Assessors
41-4012.00,3.0606666666666666,3.1700000000000004,2.705,2.5416666666666665,2.7700000000000005,2.7323076923076925,"Sales Representatives, Wholesale and Manufacturing, Except Technical and Scientific Products"
41-9011.00,2.646,2.5966666666666667,2.61,2.2733333333333334,3.146,2.9784615384615383,Demonstrators and Product Promoters
41-9012.00,1.6500000000000001,1.9733333333333334,2.37,1.9433333333333334,1.784,1.566153846153846,Models
41-9021.00,3.5293333333333337,3.515,2.715,1.8699999999999999,2.8280000000000003,2.766923076923077,Real Estate Brokers
41-9022.00,3.3953333333333333,3.5,2.65,2.0516666666666667,3.3560000000000003,2.968461538461538,Real Estate Sales Agents
41-9031.00,3.472666666666667,2.813333333333334,3.09,1.6600000000000001,2.798,2.773076923076923,Sales Engineers
41-9041.00,3.253333333333333,3.0450000000000004,2.465,1.67,2.918,2.885384615384616,Telemarketers
41-9091.00,2.5606666666666666,2.9883333333333333,2.0,1.7533333333333332,3.3299999999999996,3.3699999999999997,"Door-to-Door Sales Workers, News and Street Vendors, and Related Workers"
43-1011.00,3.5286666666666666,3.6183333333333336,2.4749999999999996,2.211666666666667,3.4620000000000006,3.513076923076923,First-Line Supervisors of Office and Administrative Support Workers
43-2011.00,2.5973333333333333,2.07,1.5150000000000001,1.2699999999999998,2.526,1.950769230769231,"Switchboard Operators, Including Answering Service"
43-2021.00,3.312,2.5033333333333334,2.005,1.8316666666666668,3.13,2.325384615384616,Telephone Operators
43-3011.00,2.8019999999999996,2.9350000000000005,1.7850000000000001,1.4933333333333334,2.508,2.4961538461538457,Bill and Account Collectors
43-3021.00,2.7573333333333334,2.4116666666666666,1.255,1.1533333333333333,2.194,1.7938461538461539,Billing and Posting Clerks
43-3031.00,3.0293333333333337,2.8716666666666666,1.7600000000000002,1.4833333333333334,2.462,2.2100000000000004,"Bookkeeping, Accounting, and Auditing Clerks"
43-3041.00,3.0533333333333337,2.7466666666666666,1.885,2.4099999999999997,3.0300000000000002,2.707692307692308,Gambling Cage Workers
43-3051.00,3.102,2.475,2.0300000000000002,1.5750000000000002,2.29,2.1976923076923076,Payroll and Timekeeping Clerks
43-3061.00,3.188666666666667,3.1466666666666665,2.14,1.9733333333333334,2.7079999999999997,2.5023076923076926,Procurement Clerks
43-3071.00,3.3993333333333333,3.145,2.385,2.31,3.1019999999999994,2.896153846153846,Tellers
43-4011.00,2.9693333333333336,2.2983333333333333,1.54,1.2233333333333332,2.144,2.0,Brokerage Clerks
43-4021.00,3.05,2.7916666666666665,1.9,1.6899999999999997,2.604,2.207692307692308,Correspondence Clerks
43-4031.00,3.0933333333333337,2.8550000000000004,2.255,1.8233333333333333,3.002,2.279230769230769,"Court, Municipal, and License Clerks"
43-4041.00,3.352,3.2016666666666667,1.755,1.2816666666666667,2.9219999999999997,2.9384615384615382,"Credit Authorizers, Checkers, and Clerks"
43-4051.00,3.4793333333333334,3.431666666666666,2.335,2.125,3.258,3.0623076923076926,Customer Service Representatives
43-4061.00,3.3853333333333335,2.9916666666666667,2.0,1.3150000000000002,2.8,2.3161538461538465,"Eligibility Interviewers, Government Programs"
43-4071.00,3.512,3.5316666666666667,2.355,2.283333333333333,3.178,3.0338461538461536,File Clerks
43-4081.00,3.1653333333333338,3.0883333333333334,2.145,2.0316666666666667,3.308,3.012307692307692,"Hotel, Motel, and Resort Desk Clerks"
43-4111.00,3.6573333333333333,3.6533333333333338,2.395,2.05,3.7399999999999998,3.3038461538461537,"Interviewers, Except Eligibility and Loan"
43-4121.00,3.0860000000000007,2.856666666666667,2.145,2.13,2.9299999999999997,2.2399999999999998,"Library Assistants, Clerical"
43-4131.00,3.5213333333333328,3.7499999999999996,2.545,1.1916666666666667,3.468,3.495384615384615,Loan Interviewers and Clerks
43-4141.00,2.742,2.7566666666666664,1.725,1.6900000000000002,3.0159999999999996,2.870769230769231,New Accounts Clerks
43-4151.00,3.4993333333333334,3.3850000000000002,2.57,2.245,3.132,2.878461538461538,Order Clerks
43-4161.00,3.4226666666666667,3.391666666666667,1.995,1.765,2.974,2.8615384615384616,"Human Resources Assistants, Except Payroll and Timekeeping"
43-4171.00,2.9566666666666666,2.9949999999999997,1.8599999999999999,1.7833333333333332,3.066,2.5084615384615385,Receptionists and Information Clerks
43-4181.00,2.8273333333333333,3.133333333333333,2.115,1.5266666666666666,3.344,2.6799999999999997,Reservation and Transportation Ticket Agents and Travel Clerks
43-5011.00,3.018666666666667,2.6916666666666664,2.785,3.1300000000000003,2.3939999999999997,2.359230769230769,Cargo and Freight Agents
43-5011.01,3.9113333333333333,3.8349999999999995,3.83,3.033333333333333,3.532,3.699230769230769,Freight Forwarders
43-5021.00,2.424666666666667,2.535,2.26,2.811666666666667,2.526,2.1723076923076925,Couriers and Messengers
43-5031.00,3.87,3.44,2.32,2.265,3.748,3.225384615384615,Public Safety Telecommunicators
43-5032.00,3.228,3.2483333333333335,2.245,2.0033333333333334,3.0780000000000003,2.9538461538461545,"Dispatchers, Except Police, Fire, and Ambulance"
43-5041.00,2.799333333333333,2.48,2.35,2.753333333333334,2.716,2.13,"Meter Readers, Utilities"
43-5051.00,3.1206666666666667,2.6916666666666664,2.06,2.575,2.992,2.6530769230769233,Postal Service Clerks
43-5052.00,2.068,1.8233333333333335,1.475,2.7883333333333336,2.234,1.7207692307692306,Postal Service Mail Carriers
43-5053.00,2.5933333333333333,2.1233333333333335,1.845,2.8066666666666666,2.508,2.0061538461538464,"Postal Service Mail Sorters, Processors, and Processing Machine Operators"
43-5061.00,3.1213333333333337,2.9416666666666664,2.545,1.8666666666666665,2.2119999999999997,2.1807692307692306,"Production, Planning, and Expediting Clerks"
43-5071.00,3.0966666666666662,3.105,2.34,3.061666666666666,2.856,2.800769230769231,"Shipping, Receiving, and Inventory Clerks"
43-5111.00,3.6,3.293333333333333,2.535,3.223333333333333,3.0460000000000003,3.082307692307692,"Weighers, Measurers, Checkers, and Samplers, Recordkeeping"
43-6011.00,3.164,3.4116666666666666,2.49,1.9249999999999998,2.7800000000000002,2.4692307692307693,Executive Secretaries and Executive Administrative Assistants
43-6012.00,3.207333333333333,2.9333333333333336,2.1550000000000002,1.7949999999999997,2.804,2.3969230769230765,Legal Secretaries and Administrative Assistants
43-6013.00,3.3346666666666676,3.473333333333333,2.23,1.9816666666666667,3.344,2.868461538461539,Medical Secretaries and Administrative Assistants
43-6014.00,2.9106666666666667,2.8183333333333334,2.195,1.8066666666666666,2.588,2.1184615384615384,"Secretaries and Administrative Assistants, Except Legal, Medical, and Executive"
43-9021.00,3.3486666666666665,2.715,2.28,2.033333333333333,2.63,2.473846153846154,Data Entry Keyers
43-9022.00,3.022666666666667,2.695,1.8450000000000002,1.5899999999999999,2.7920000000000003,2.1730769230769234,Word Processors and Typists
43-9031.00,3.337333333333333,3.058333333333333,3.04,1.9833333333333332,2.662,2.7046153846153844,Desktop Publishers
43-9041.00,2.9986666666666664,2.4383333333333335,1.6400000000000001,1.3549999999999998,2.4319999999999995,2.0576923076923075,Insurance Claims and Policy Processing Clerks
43-9051.00,2.7533333333333334,2.4499999999999997,2.46,3.08,2.594,2.329230769230769,"Mail Clerks and Mail Machine Operators, Except Postal Service"
43-9061.00,2.8760000000000003,2.6483333333333334,1.96,1.8883333333333334,2.4,2.121538461538462,"Office Clerks, General"
43-9071.00,2.9653333333333336,2.938333333333334,2.5149999999999997,2.7416666666666667,2.518,2.4692307692307693,"Office Machine Operators, Except Computer"
43-9081.00,2.886,1.93,1.7850000000000001,1.3333333333333333,1.374,1.4023076923076923,Proofreaders and Copy Markers
43-9111.00,3.6719999999999997,2.7716666666666665,2.115,1.1983333333333335,2.52,2.253846153846154,Statistical Assistants
45-1011.00,3.1926666666666668,3.5116666666666663,2.685,3.4250000000000003,2.758,3.085384615384615,"First-Line Supervisors of Farming, Fishing, and Forestry Workers"
45-2011.00,3.306666666666666,2.92,2.05,2.69,2.9799999999999995,2.5907692307692307,Agricultural Inspectors
45-2021.00,2.5820000000000003,2.5433333333333334,1.87,2.715,2.466,2.1723076923076925,Animal Breeders
45-2041.00,2.600666666666667,2.51,1.83,2.793333333333333,2.382,2.3492307692307692,"Graders and Sorters, Agricultural Products"
45-2091.00,2.77,2.878333333333334,2.5949999999999998,3.861666666666667,2.8020000000000005,2.924615384615384,Agricultural Equipment Operators
45-2092.00,3.1133333333333337,3.035,2.64,3.4766666666666666,2.95,2.7723076923076926,"Farmworkers and Laborers, Crop, Nursery, and Greenhouse"
45-2093.00,2.9066666666666667,2.983333333333333,2.335,3.3266666666666667,2.7560000000000002,2.7230769230769223,"Farmworkers, Farm, Ranch, and Aquacultural Animals"
45-3031.00,2.9113333333333338,3.016666666666667,2.92,3.5883333333333334,2.7840000000000003,2.614615384615384,Fishing and Hunting Workers
45-4011.00,3.064666666666667,2.86,2.52,3.438333333333333,2.578,2.4076923076923076,Forest and Conservation Workers
45-4021.00,2.402,2.6983333333333337,1.895,3.52,2.396,2.1523076923076925,Fallers
45-4022.00,3.0966666666666667,3.0933333333333333,2.58,3.8899999999999992,2.926,2.740769230769231,Logging Equipment Operators
45-4023.00,3.1953333333333327,3.145,2.54,3.138333333333333,2.822,2.624615384615385,Log Graders and Scalers
47-1011.00,3.297333333333334,3.6366666666666667,3.46,3.4616666666666664,3.018,3.1638461538461535,First-Line Supervisors of Construction Trades and Extraction Workers
47-1011.03,3.374,3.5033333333333334,3.2800000000000002,3.6,3.086,3.3176923076923077,Solar Energy Installation Managers
47-2011.00,3.1073333333333335,2.8200000000000003,2.88,3.4883333333333333,2.222,2.3346153846153843,Boilermakers
47-2021.00,2.9466666666666663,3.48,2.995,3.293333333333333,2.7300000000000004,2.8407692307692307,Brickmasons and Blockmasons
47-2022.00,3.1046666666666667,3.286666666666667,3.3499999999999996,3.733333333333333,2.8839999999999995,3.029230769230769,Stonemasons
47-2031.00,3.1820000000000004,3.3000000000000003,3.5549999999999997,3.421666666666667,2.8819999999999997,2.9107692307692306,Carpenters
47-2041.00,2.7260000000000004,2.7300000000000004,2.9850000000000003,3.3666666666666667,2.588,2.424615384615385,Carpet Installers
47-2042.00,2.768666666666667,3.0766666666666667,2.985,2.7266666666666666,2.5740000000000003,2.649230769230769,"Floor Layers, Except Carpet, Wood, and Hard Tiles"
47-2043.00,3.1866666666666665,3.3633333333333333,3.02,3.668333333333333,3.274,2.987692307692307,Floor Sanders and Finishers
47-2044.00,2.7446666666666664,2.8333333333333335,3.4299999999999997,3.078333333333333,2.492,2.3776923076923078,Tile and Stone Setters
47-2051.00,2.9699999999999998,3.418333333333333,2.705,3.5933333333333333,2.7020000000000004,3.085384615384616,Cement Masons and Concrete Finishers
47-2053.00,2.779333333333333,3.155,3.04,3.6533333333333338,2.768,2.6653846153846157,Terrazzo Workers and Finishers
47-2061.00,3.4959999999999996,3.5099999999999993,3.2,3.846666666666667,3.2399999999999998,3.161538461538462,Construction Laborers
47-2071.00,2.882,2.6683333333333334,2.5949999999999998,3.628333333333334,2.958,2.7115384615384617,"Paving, Surfacing, and Tamping Equipment Operators"
47-2072.00,2.9726666666666666,2.795,2.9749999999999996,4.015,2.5340000000000003,2.3107692307692305,Pile Driver Operators
47-2073.00,3.4246666666666665,3.47,3.045,3.953333333333333,3.2,2.9199999999999995,Operating Engineers and Other Construction Equipment Operators
47-2081.00,2.9426666666666668,3.3216666666666668,3.1849999999999996,2.9999999999999996,2.6439999999999997,2.9061538461538463,Drywall and Ceiling Tile Installers
47-2082.00,2.663333333333333,3.0916666666666663,2.55,3.0,2.428,2.588461538461539,Tapers
47-2111.00,3.559333333333334,3.7549999999999994,3.6100000000000003,3.8816666666666673,3.214,3.2746153846153843,Electricians
47-2121.00,2.9086666666666674,3.0450000000000004,3.365,3.3766666666666665,3.102,2.7553846153846155,Glaziers
47-2131.00,2.674666666666667,2.5066666666666664,2.4699999999999998,3.395,2.682,2.6492307692307695,"Insulation Workers, Floor, Ceiling, and Wall"
47-2132.00,2.6906666666666665,3.2300000000000004,2.655,3.198333333333333,2.7239999999999993,2.723076923076923,"Insulation Workers, Mechanical"
47-2141.00,2.8180000000000005,3.623333333333333,2.865,3.2550000000000003,3.2039999999999997,2.9269230769230767,"Painters, Construction and Maintenance"
47-2142.00,2.347333333333333,2.638333333333333,2.105,3.061666666666667,2.4039999999999995,2.366923076923077,Paperhangers
47-2151.00,2.664,2.645,2.685,3.198333333333333,2.7359999999999998,2.5007692307692304,Pipelayers
47-2152.00,2.9953333333333334,3.1183333333333336,3.375,3.5766666666666667,2.792,2.7384615384615385,"Plumbers, Pipefitters, and Steamfitters"
47-2152.04,3.198666666666667,2.8666666666666667,3.43,3.1116666666666664,2.984,2.7915384615384613,Solar Thermal Installers and Technicians
47-2161.00,2.912,3.0050000000000003,2.825,3.266666666666667,2.992,2.8092307692307688,Plasterers and Stucco Masons
47-2171.00,2.977333333333333,3.2183333333333333,3.035,3.683333333333333,2.8099999999999996,2.8515384615384614,Reinforcing Iron and Rebar Workers
47-2181.00,3.22,3.4616666666666664,3.13,3.6733333333333333,3.3379999999999996,3.2030769230769236,Roofers
47-2211.00,3.326,3.5583333333333336,3.3899999999999997,3.6266666666666665,3.78,3.696153846153846,Sheet Metal Workers
47-2221.00,2.8233333333333333,3.09,3.265,3.2616666666666667,2.928,2.818461538461539,Structural Iron and Steel Workers
47-2231.00,3.1113333333333335,2.9466666666666668,3.0250000000000004,3.8033333333333332,2.704,2.6592307692307693,Solar Photovoltaic Installers
47-3011.00,2.816666666666667,2.878333333333334,3.1,3.481666666666666,2.518,2.525384615384615,"Helpers--Brickmasons, Blockmasons, Stonemasons, and Tile and Marble Setters"
47-3012.00,2.978,2.741666666666667,3.235,3.8216666666666668,2.286,2.2746153846153843,Helpers--Carpenters
47-3013.00,3.6073333333333335,3.69,3.79,4.06,3.5940000000000003,3.3746153846153844,Helpers--Electricians
47-3014.00,3.2733333333333334,3.1633333333333336,2.575,3.5716666666666668,3.0279999999999996,2.986923076923077,"Helpers--Painters, Paperhangers, Plasterers, and Stucco Masons"
47-3015.00,2.9566666666666666,3.0533333333333332,3.325,3.4616666666666664,2.868,2.6007692307692305,"Helpers--Pipelayers, Plumbers, Pipefitters, and Steamfitters"
47-3016.00,2.214666666666667,2.6649999999999996,2.44,3.358333333333333,2.082,2.0953846153846154,Helpers--Roofers
47-4011.00,3.4679999999999995,3.286666666666667,2.74,2.4200000000000004,3.2399999999999998,2.8430769230769233,Construction and Building Inspectors
47-4011.01,3.736666666666667,3.1033333333333335,3.005,2.936666666666667,3.008,2.9092307692307697,Energy Auditors
47-4021.00,3.2993333333333337,2.986666666666667,3.04,3.9616666666666664,2.752,2.433846153846154,Elevator and Escalator Installers and Repairers
47-4031.00,2.651333333333333,3.0066666666666664,2.9,3.3983333333333334,2.94,2.8084615384615383,Fence Erectors
47-4041.00,2.7333333333333334,2.885,2.55,2.985,2.57,2.5269230769230764,Hazardous Materials Removal Workers
47-4051.00,3.1053333333333337,3.4133333333333336,3.075,3.1466666666666665,3.45,3.396153846153847,Highway Maintenance Workers
47-4061.00,3.2506666666666666,3.2533333333333334,3.29,3.9683333333333333,2.9319999999999995,2.996153846153846,Rail-Track Laying and Maintenance Equipment Operators
47-4071.00,2.8246666666666664,2.626666666666667,2.335,3.4516666666666667,2.6759999999999997,2.191538461538461,Septic Tank Servicers and Sewer Pipe Cleaners
47-4091.00,2.8899999999999997,3.3183333333333334,2.87,3.515,3.2439999999999998,3.411538461538462,Segmental Pavers
47-4099.03,3.47,3.52,3.1550000000000002,3.6449999999999996,3.4,3.3007692307692307,Weatherization Installers and Technicians
47-5011.00,3.3740000000000006,3.58,3.3899999999999997,4.218333333333333,3.59,3.4984615384615387,"Derrick Operators, Oil and Gas"
47-5012.00,3.1786666666666665,3.0883333333333334,2.915,3.996666666666666,3.0740000000000003,3.232307692307692,"Rotary Drill Operators, Oil and Gas"
47-5013.00,3.2640000000000002,3.4766666666666666,3.2300000000000004,3.8816666666666664,3.532,3.5376923076923075,"Service Unit Operators, Oil and Gas"
47-5022.00,3.0099999999999993,3.191666666666667,3.175,3.921666666666667,3.104,2.8261538461538462,"Excavating and Loading Machine and Dragline Operators, Surface Mining"
47-5023.00,3.0146666666666664,3.0216666666666665,3.0149999999999997,3.9350000000000005,2.904,2.7461538461538457,"Earth Drillers, Except Oil and Gas"
47-5032.00,3.354666666666667,3.453333333333333,3.125,3.655,3.2020000000000004,3.126923076923077,"Explosives Workers, Ordnance Handling Experts, and Blasters"
47-5041.00,2.9080000000000004,2.7566666666666664,2.66,3.751666666666667,2.6900000000000004,2.5153846153846158,Continuous Mining Machine Operators
47-5043.00,2.936666666666667,2.7183333333333333,2.3600000000000003,4.026666666666666,2.706,2.4384615384615382,"Roof Bolters, Mining"
47-5044.00,2.473333333333333,2.3566666666666665,2.2199999999999998,3.5116666666666667,2.2920000000000003,2.3453846153846154,"Loading and Moving Machine Operators, Underground Mining"
47-5051.00,2.3440000000000003,2.235,2.26,3.1983333333333337,2.2020000000000004,2.0846153846153848,"Rock Splitters, Quarry"
47-5071.00,2.884,3.376666666666667,3.035,3.7950000000000004,3.0100000000000002,2.8638461538461537,"Roustabouts, Oil and Gas"
47-5081.00,3.5453333333333332,3.671666666666667,3.3,4.416666666666667,3.3259999999999996,3.2576923076923077,Helpers--Extraction Workers
49-1011.00,3.744666666666667,3.691666666666667,3.5700000000000003,3.5866666666666664,3.1599999999999993,3.5492307692307694,"First-Line Supervisors of Mechanics, Installers, and Repairers"
49-2011.00,3.5780000000000003,2.8000000000000003,2.385,3.311666666666666,2.216,1.99,"Computer, Automated Teller, and Office Machine Repairers"
49-2021.00,3.758,3.3816666666666664,3.705,3.8983333333333334,3.192,3.0169230769230775,"Radio, Cellular, and Tower Equipment Installers and Repairers"
49-2022.00,3.2993333333333337,3.0866666666666664,3.29,3.75,2.818,2.5323076923076924,"Telecommunications Equipment Installers and Repairers, Except Line Installers"
49-2091.00,3.6606666666666667,2.921666666666667,3.2800000000000002,3.578333333333333,2.944,2.6884615384615387,Avionics Technicians
49-2092.00,3.5100000000000002,3.208333333333334,3.38,3.983333333333334,2.834,2.879230769230769,"Electric Motor, Power Tool, and Related Repairers"
49-2093.00,3.3426666666666667,2.873333333333333,3.295,3.6783333333333332,2.822,2.6192307692307697,"Electrical and Electronics Installers and Repairers, Transportation Equipment"
49-2094.00,3.5759999999999996,2.723333333333333,3.4000000000000004,3.4700000000000006,2.65,2.453076923076923,"Electrical and Electronics Repairers, Commercial and Industrial Equipment"
49-2095.00,3.615333333333333,2.798333333333334,3.31,3.7733333333333334,2.696,2.2453846153846153,"Electrical and Electronics Repairers, Powerhouse, Substation, and Relay"
49-2096.00,3.6613333333333333,3.001666666666667,3.52,3.4933333333333336,3.372,2.9861538461538455,"Electronic Equipment Installers and Repairers, Motor Vehicles"
49-2097.00,3.564000000000001,3.105,3.1550000000000002,3.0100000000000002,2.8280000000000003,2.850769230769231,Audiovisual Equipment Installers and Repairers
49-2098.00,3.5273333333333334,2.848333333333333,3.04,3.6483333333333334,2.6220000000000003,2.4123076923076927,Security and Fire Alarm Systems Installers
49-3011.00,3.7633333333333336,3.3033333333333332,3.2350000000000003,4.0183333333333335,2.928,2.893076923076923,Aircraft Mechanics and Service Technicians
49-3021.00,3.1826666666666665,3.1649999999999996,3.2350000000000003,3.383333333333333,2.8080000000000003,2.6269230769230774,Automotive Body and Related Repairers
49-3022.00,2.4286666666666665,2.2583333333333333,2.245,3.063333333333333,2.2199999999999998,1.9415384615384617,Automotive Glass Installers and Repairers
49-3023.00,3.4560000000000004,2.728333333333333,2.685,4.01,2.64,2.539230769230769,Automotive Service Technicians and Mechanics
49-3031.00,3.5766666666666667,2.651666666666667,3.145,4.16,2.7399999999999998,2.295384615384615,Bus and Truck Mechanics and Diesel Engine Specialists
49-3041.00,3.5466666666666664,2.8100000000000005,3.215,4.108333333333333,2.918,2.563846153846153,Farm Equipment Mechanics and Service Technicians
49-3042.00,3.5780000000000003,3.07,3.555,4.22,2.88,2.723076923076923,"Mobile Heavy Equipment Mechanics, Except Engines"
49-3043.00,2.8946666666666663,2.83,2.965,3.5233333333333334,2.7800000000000002,2.4899999999999998,Rail Car Repairers
49-3051.00,3.311333333333333,2.5850000000000004,2.6550000000000002,3.861666666666667,2.494,2.226923076923077,Motorboat Mechanics and Service Technicians
49-3052.00,3.638,3.2983333333333333,3.49,4.171666666666668,2.946,2.6446153846153844,Motorcycle Mechanics
49-3053.00,3.530666666666667,2.813333333333333,2.7350000000000003,3.73,2.904,2.6692307692307695,Outdoor Power Equipment and Other Small Engine Mechanics
49-3091.00,3.7406666666666664,3.5366666666666666,3.16,3.5666666666666664,3.5200000000000005,3.459230769230769,Bicycle Repairers
49-3092.00,3.2393333333333336,2.361666666666667,2.795,3.598333333333333,2.57,2.0507692307692307,Recreational Vehicle Service Technicians
49-3093.00,2.7293333333333334,2.2533333333333334,2.48,3.5150000000000006,2.4699999999999998,2.3015384615384615,Tire Repairers and Changers
49-9011.00,3.3259999999999996,3.2883333333333336,3.26,4.265,3.1420000000000003,3.0515384615384615,Mechanical Door Repairers
49-9012.00,3.4333333333333327,2.9783333333333335,3.0999999999999996,3.731666666666667,2.848,2.6107692307692307,"Control and Valve Installers and Repairers, Except Mechanical Door"
49-9021.00,3.9726666666666666,3.6449999999999996,3.915,4.221666666666667,3.2900000000000005,3.1438461538461544,"Heating, Air Conditioning, and Refrigeration Mechanics and Installers"
49-9031.00,3.2753333333333337,2.871666666666666,2.51,3.508333333333334,2.8840000000000003,2.6346153846153846,Home Appliance Repairers
49-9041.00,3.372,2.8366666666666664,3.34,3.6799999999999997,2.632,2.4015384615384616,Industrial Machinery Mechanics
49-9043.00,3.216,2.77,3.1,3.841666666666667,2.5480000000000005,2.476923076923077,"Maintenance Workers, Machinery"
49-9044.00,3.3973333333333327,3.4616666666666664,3.705,3.9916666666666667,3.304,3.2630769230769228,Millwrights
49-9045.00,2.6653333333333338,2.723333333333333,2.705,3.275,2.518,2.3723076923076922,"Refractory Materials Repairers, Except Brickmasons"
49-9051.00,2.8999999999999995,2.7550000000000003,2.535,4.035,3.018,2.6984615384615385,Electrical Power-Line Installers and Repairers
49-9052.00,3.3666666666666667,2.9783333333333335,3.025,3.6950000000000003,3.2039999999999997,2.733846153846154,Telecommunications Line Installers and Repairers
49-9061.00,3.0746666666666664,2.475,2.95,2.691666666666667,2.244,1.9807692307692308,Camera and Photographic Equipment Repairers
49-9062.00,3.5660000000000007,2.685,2.7199999999999998,3.6316666666666664,2.464,2.091538461538462,Medical Equipment Repairers
49-9063.00,2.832666666666667,2.758333333333333,3.025,2.9416666666666664,2.654,2.1169230769230767,Musical Instrument Repairers and Tuners
49-9064.00,3.1326666666666667,2.795,3.3,3.0416666666666665,2.302,1.876923076923077,Watch and Clock Repairers
49-9071.00,3.6,3.226666666666666,3.59,4.058333333333334,2.8840000000000003,2.7053846153846157,"Maintenance and Repair Workers, General"
49-9081.00,3.765333333333333,3.2283333333333335,2.92,4.585,2.926,2.8861538461538463,Wind Turbine Service Technicians
49-9091.00,2.701333333333333,2.276666666666667,2.315,3.081666666666667,2.106,1.8176923076923077,"Coin, Vending, and Amusement Machine Servicers and Repairers"
49-9092.00,3.497333333333333,3.193333333333334,3.185,4.028333333333333,3.2380000000000004,3.0138461538461536,Commercial Divers
49-9094.00,3.639333333333333,3.5400000000000005,3.5,3.935,3.4379999999999997,3.2053846153846157,Locksmiths and Safe Repairers
49-9095.00,3.3913333333333338,3.9133333333333336,3.4299999999999997,4.21,3.6659999999999995,3.7892307692307696,Manufactured Building and Mobile Home Installers
49-9096.00,3.0393333333333334,2.645,2.98,3.5033333333333334,2.516,2.417692307692308,Riggers
49-9097.00,2.7580000000000005,2.6,2.435,3.3350000000000004,2.354,2.250769230769231,Signal and Track Switch Repairers
49-9098.00,3.0180000000000002,2.861666666666667,2.9000000000000004,3.775,2.5200000000000005,2.6030769230769235,"Helpers--Installation, Maintenance, and Repair Workers"
49-9099.01,3.6073333333333335,3.2383333333333333,3.23,3.991666666666667,2.82,2.76,Geothermal Technicians
51-1011.00,3.51,3.6183333333333336,3.2800000000000002,3.2449999999999997,3.122,3.483076923076923,First-Line Supervisors of Production and Operating Workers
51-2011.00,3.238666666666667,3.025,3.4400000000000004,3.2733333333333334,2.582,2.721538461538461,"Aircraft Structure, Surfaces, Rigging, and Systems Assemblers"
51-2021.00,2.842,2.655,2.325,2.8816666666666664,2.686,2.430769230769231,"Coil Winders, Tapers, and Finishers"
51-2022.00,3.249333333333333,2.6516666666666664,2.5549999999999997,3.098333333333333,2.3419999999999996,2.376923076923077,Electrical and Electronic Equipment Assemblers
51-2023.00,3.0319999999999996,2.4233333333333333,2.585,2.905,2.158,2.222307692307692,Electromechanical Equipment Assemblers
51-2031.00,2.898,2.388333333333333,2.705,3.588333333333333,2.472,2.3930769230769235,Engine and Other Machine Assemblers
51-2041.00,2.9993333333333334,2.845,3.33,3.4450000000000003,2.768,2.563076923076923,Structural Metal Fabricators and Fitters
51-2051.00,2.8313333333333337,2.74,2.58,3.1166666666666667,2.6599999999999997,2.6146153846153855,Fiberglass Laminators and Fabricators
51-2061.00,2.910666666666666,2.4716666666666667,3.0149999999999997,3.2699999999999996,2.5140000000000002,2.2415384615384615,Timing Device Assemblers and Adjusters
51-2092.00,3.058,2.681666666666667,2.6100000000000003,3.1333333333333333,2.662,2.5276923076923077,Team Assemblers
51-3011.00,2.3880000000000003,2.35,2.33,2.76,2.638,2.1984615384615385,Bakers
51-3021.00,2.9253333333333336,3.1266666666666665,2.52,3.065,3.3580000000000005,3.1961538461538463,Butchers and Meat Cutters
51-3022.00,3.1740000000000004,3.0500000000000003,2.4299999999999997,3.268333333333334,3.0119999999999996,2.957692307692308,"Meat, Poultry, and Fish Cutters and Trimmers"
51-3023.00,2.302,2.3266666666666667,1.73,2.733333333333333,2.2800000000000002,2.125384615384615,Slaughterers and Meat Packers
51-3091.00,3.2593333333333327,3.025,2.52,3.3350000000000004,3.004,2.8792307692307686,"Food and Tobacco Roasting, Baking, and Drying Machine Operators and Tenders"
51-3092.00,3.1973333333333334,2.5866666666666673,2.31,3.3249999999999997,2.584,2.2961538461538464,Food Batchmakers
51-3093.00,3.1240000000000006,2.4499999999999997,2.035,3.0400000000000005,2.344,2.0223076923076926,Food Cooking Machine Operators and Tenders
51-4021.00,2.884666666666667,2.5749999999999997,1.905,3.366666666666667,2.564,2.507692307692307,"Extruding and Drawing Machine Setters, Operators, and Tenders, Metal and Plastic"
51-4022.00,3.0020000000000002,2.61,2.785,3.231666666666667,2.508,2.359230769230769,"Forging Machine Setters, Operators, and Tenders, Metal and Plastic"
51-4023.00,3.3193333333333337,2.8366666666666664,3.045,3.8316666666666666,2.9219999999999997,2.723846153846154,"Rolling Machine Setters, Operators, and Tenders, Metal and Plastic"
51-4031.00,2.5260000000000002,2.06,2.2350000000000003,3.1783333333333332,2.184,1.9061538461538463,"Cutting, Punching, and Press Machine Setters, Operators, and Tenders, Metal and Plastic"
51-4032.00,3.3353333333333337,2.146666666666667,3.3200000000000003,3.481666666666667,2.146,1.9592307692307693,"Drilling and Boring Machine Tool Setters, Operators, and Tenders, Metal and Plastic"
51-4033.00,2.984,2.7733333333333334,2.84,3.296666666666667,2.4999999999999996,2.517692307692308,"Grinding, Lapping, Polishing, and Buffing Machine Tool Setters, Operators, and Tenders, Metal and Plastic"
51-4034.00,3.445333333333333,3.2549999999999994,3.685,3.5816666666666666,2.834,3.085384615384615,"Lathe and Turning Machine Tool Setters, Operators, and Tenders, Metal and Plastic"
51-4035.00,3.1666666666666665,2.4983333333333335,2.995,3.628333333333334,2.398,2.233846153846154,"Milling and Planing Machine Setters, Operators, and Tenders, Metal and Plastic"
51-4041.00,3.124,2.8349999999999995,3.13,3.4,2.464,2.4799999999999995,Machinists
51-4051.00,3.0826666666666664,2.861666666666667,2.51,3.4266666666666663,2.5860000000000003,2.569230769230769,Metal-Refining Furnace Operators and Tenders
51-4052.00,2.8133333333333335,2.6233333333333335,2.0700000000000003,3.5383333333333327,2.4080000000000004,2.538461538461538,"Pourers and Casters, Metal"
51-4061.00,3.0393333333333334,2.2883333333333336,3.46,3.223333333333333,1.8820000000000001,1.7369230769230768,"Model Makers, Metal and Plastic"
51-4062.00,3.4919999999999995,3.098333333333333,3.7199999999999998,3.64,2.4379999999999997,2.5615384615384618,"Patternmakers, Metal and Plastic"
51-4071.00,2.4499999999999997,2.5133333333333336,1.99,3.2866666666666666,2.196,2.2015384615384614,Foundry Mold and Coremakers
51-4072.00,2.8293333333333326,2.448333333333333,2.15,3.4616666666666673,2.2400000000000007,2.2061538461538457,"Molding, Coremaking, and Casting Machine Setters, Operators, and Tenders, Metal and Plastic"
51-4081.00,3.7553333333333336,3.1166666666666667,3.0300000000000002,3.8216666666666668,2.942,2.7553846153846155,"Multiple Machine Tool Setters, Operators, and Tenders, Metal and Plastic"
51-4111.00,3.198666666666667,2.643333333333333,3.725,3.121666666666666,2.278,2.2453846153846153,Tool and Die Makers
51-4121.00,2.525333333333333,2.23,2.435,2.7399999999999998,2.118,1.9669230769230768,"Welders, Cutters, Solderers, and Brazers"
51-4122.00,3.1253333333333333,2.6599999999999997,3.295,3.565,2.716,2.579230769230769,"Welding, Soldering, and Brazing Machine Setters, Operators, and Tenders"
51-4191.00,2.892000000000001,2.3883333333333336,2.27,3.625,2.526,2.2369230769230772,"Heat Treating Equipment Setters, Operators, and Tenders, Metal and Plastic"
51-4192.00,3.1846666666666663,3.1183333333333336,3.52,3.526666666666666,2.8939999999999997,2.9261538461538468,"Layout Workers, Metal and Plastic"
51-4193.00,2.741333333333333,2.6,2.3449999999999998,3.2100000000000004,2.668,2.4899999999999998,"Plating Machine Setters, Operators, and Tenders, Metal and Plastic"
51-4194.00,3.0893333333333337,2.501666666666667,2.66,3.2966666666666664,2.4659999999999997,2.0946153846153845,"Tool Grinders, Filers, and Sharpeners"
51-5111.00,3.4699999999999998,3.0400000000000005,3.315,2.4766666666666666,2.6399999999999997,2.552307692307693,Prepress Technicians and Workers
51-5112.00,3.3693333333333344,3.523333333333333,3.1799999999999997,3.903333333333333,3.2039999999999997,3.0615384615384618,Printing Press Operators
51-5113.00,3.130666666666667,2.728333333333333,2.5599999999999996,3.485,2.642,2.4553846153846157,Print Binding and Finishing Workers
51-6011.00,2.777333333333333,2.686666666666667,2.2249999999999996,3.055,2.7760000000000002,2.5984615384615384,Laundry and Dry-Cleaning Workers
51-6021.00,2.4446666666666674,2.6149999999999998,2.355,3.126666666666667,2.4080000000000004,2.016923076923077,"Pressers, Textile, Garment, and Related Materials"
51-6031.00,2.3906666666666667,2.316666666666667,2.42,2.7900000000000005,2.258,2.0869230769230773,Sewing Machine Operators
51-6041.00,2.761333333333333,2.6,2.855,2.875,2.642,2.5761538461538462,Shoe and Leather Workers and Repairers
51-6042.00,3.0146666666666664,3.22,3.165,3.19,3.068,3.076923076923077,Shoe Machine Operators and Tenders
51-6051.00,2.5693333333333337,2.3699999999999997,2.42,2.5583333333333336,2.372,1.5838461538461541,"Sewers, Hand"
51-6052.00,2.2733333333333334,2.7266666666666666,2.715,2.5700000000000003,2.134,2.016923076923077,"Tailors, Dressmakers, and Custom Sewers"
51-6061.00,3.0186666666666673,2.5,2.335,3.1400000000000006,2.21,2.0776923076923075,Textile Bleaching and Dyeing Machine Operators and Tenders
51-6062.00,2.982666666666667,2.6616666666666666,2.63,3.2816666666666667,2.3800000000000003,2.4315384615384614,"Textile Cutting Machine Setters, Operators, and Tenders"
51-6063.00,3.022666666666667,2.5966666666666667,2.445,3.3033333333333332,2.6220000000000003,2.5184615384615388,"Textile Knitting and Weaving Machine Setters, Operators, and Tenders"
51-6064.00,2.76,2.22,2.3200000000000003,2.998333333333333,2.192,2.0407692307692304,"Textile Winding, Twisting, and Drawing Out Machine Setters, Operators, and Tenders"
51-6091.00,3.145333333333333,2.5366666666666666,2.3600000000000003,3.5049999999999994,2.504,2.4999999999999996,"Extruding and Forming Machine Setters, Operators, and Tenders, Synthetic and Glass Fibers"
51-6092.00,3.3013333333333335,2.795,3.44,2.3433333333333333,2.37,2.4315384615384614,Fabric and Apparel Patternmakers
51-6093.00,2.828666666666666,3.11,3.01,2.981666666666667,2.6980000000000004,2.726923076923077,Upholsterers
51-7011.00,2.9600000000000004,2.7249999999999996,2.955,3.5116666666666663,2.548,2.6423076923076922,Cabinetmakers and Bench Carpenters
51-7021.00,2.978,2.983333333333333,2.805,2.8233333333333337,2.822,2.693076923076923,Furniture Finishers
51-7031.00,3.026666666666667,2.646666666666667,3.605,3.535,2.6399999999999997,2.3615384615384616,"Model Makers, Wood"
51-7032.00,3.144,2.796666666666667,4.4,3.47,2.088,2.1107692307692307,"Patternmakers, Wood"
51-7041.00,2.4786666666666672,2.3200000000000003,2.225,3.3983333333333334,2.282,2.2038461538461536,"Sawing Machine Setters, Operators, and Tenders, Wood"
51-7042.00,2.456,2.1183333333333336,2.3,3.0700000000000003,1.9900000000000002,1.9153846153846152,"Woodworking Machine Setters, Operators, and Tenders, Except Sawing"
51-8011.00,3.4606666666666666,2.7733333333333334,2.3049999999999997,2.5016666666666665,2.5519999999999996,2.52,Nuclear Power Reactor Operators
51-8012.00,3.546666666666666,3.1566666666666663,2.395,1.7433333333333332,2.538,2.2407692307692306,Power Distributors and Dispatchers
51-8013.00,3.152,2.8266666666666667,2.7199999999999998,3.5316666666666663,2.73,2.573076923076923,Power Plant Operators
51-8013.03,3.4026666666666667,2.8200000000000003,2.62,3.478333333333334,2.918,2.711538461538462,Biomass Plant Technicians
51-8013.04,3.2700000000000005,2.7816666666666667,3.255,3.765,2.524,2.4253846153846155,Hydroelectric Plant Technicians
51-8021.00,3.575333333333333,3.393333333333333,3.23,3.7883333333333327,3.068,3.016923076923078,Stationary Engineers and Boiler Operators
51-8031.00,3.5966666666666662,3.3383333333333334,2.795,3.646666666666666,3.2700000000000005,3.0084615384615385,Water and Wastewater Treatment Plant and System Operators
51-8091.00,3.972,3.8033333333333332,3.285,3.7116666666666664,3.17,3.356923076923077,Chemical Plant and System Operators
51-8092.00,3.5866666666666664,2.9866666666666664,2.9450000000000003,3.276666666666667,2.834,2.5015384615384617,Gas Plant Operators
51-8093.00,2.9859999999999998,2.4933333333333336,2.105,3.4166666666666665,2.4539999999999997,2.3515384615384614,"Petroleum Pump System Operators, Refinery Operators, and Gaugers"
51-8099.01,3.522666666666667,2.811666666666666,2.37,3.671666666666667,2.7920000000000003,2.6992307692307693,Biofuels Processing Technicians
51-9011.00,2.928,2.3266666666666667,1.9899999999999998,3.36,2.1319999999999997,2.01,Chemical Equipment Operators and Tenders
51-9012.00,2.8980000000000006,2.4899999999999998,2.175,3.1816666666666666,2.3299999999999996,2.226153846153846,"Separating, Filtering, Clarifying, Precipitating, and Still Machine Setters, Operators, and Tenders"
51-9021.00,2.864,2.528333333333333,1.83,3.108333333333333,2.354,2.105384615384615,"Crushing, Grinding, and Polishing Machine Setters, Operators, and Tenders"
51-9022.00,3.628,3.578333333333333,4.185,4.278333333333333,3.372,2.7492307692307687,"Grinding and Polishing Workers, Hand"
51-9023.00,2.9566666666666657,2.67,2.4699999999999998,3.811666666666666,2.8300000000000005,2.6530769230769233,"Mixing and Blending Machine Setters, Operators, and Tenders"
51-9031.00,2.677333333333334,2.5716666666666668,2.25,2.9133333333333336,2.6420000000000003,2.5538461538461537,"Cutters and Trimmers, Hand"
51-9032.00,3.5420000000000003,3.2466666666666675,3.02,3.605,3.222,3.096923076923077,"Cutting and Slicing Machine Setters, Operators, and Tenders"
51-9041.00,3.2499999999999996,2.5066666666666664,2.525,3.5416666666666665,2.588,2.44,"Extruding, Forming, Pressing, and Compacting Machine Setters, Operators, and Tenders"
51-9051.00,3.0640000000000005,2.76,2.125,3.5683333333333334,2.364,2.409230769230769,"Furnace, Kiln, Oven, Drier, and Kettle Operators and Tenders"
51-9061.00,3.1613333333333333,2.6016666666666666,2.69,3.0483333333333333,2.614,2.523076923076923,"Inspectors, Testers, Sorters, Samplers, and Weighers"
51-9071.00,2.9846666666666666,2.9966666666666666,3.545,2.8283333333333336,2.942,2.6984615384615385,Jewelers and Precious Stone and Metal Workers
51-9071.06,3.4193333333333333,3.206666666666667,3.415,2.395,2.536,2.441538461538461,Gem and Diamond Workers
51-9081.00,3.406,3.396666666666667,3.57,3.018333333333333,2.9479999999999995,2.9769230769230766,Dental Laboratory Technicians
51-9082.00,3.435333333333333,3.42,3.2700000000000005,2.9250000000000003,3.282,3.1061538461538465,Medical Appliance Technicians
51-9083.00,2.9153333333333338,2.5383333333333336,2.04,2.6166666666666667,2.482,2.2984615384615386,Ophthalmic Laboratory Technicians
51-9111.00,3.044,2.8049999999999997,2.75,3.2016666666666667,2.824,2.6923076923076925,Packaging and Filling Machine Operators and Tenders
51-9123.00,2.450666666666667,2.7166666666666663,2.125,2.3266666666666667,2.6060000000000003,2.1223076923076922,"Painting, Coating, and Decorating Workers"
51-9124.00,3.178666666666666,2.9183333333333334,2.415,3.231666666666667,2.656,2.6192307692307697,"Coating, Painting, and Spraying Machine Setters, Operators, and Tenders"
51-9141.00,3.320666666666667,3.3083333333333336,3.305,3.483333333333333,3.132,2.9753846153846157,Semiconductor Processing Technicians
51-9151.00,3.300666666666667,2.9516666666666667,2.66,2.908333333333333,2.95,2.553076923076923,Photographic Process Workers and Processing Machine Operators
51-9161.00,3.2366666666666664,2.7383333333333333,3.035,3.563333333333334,2.5140000000000002,2.3669230769230767,Computer Numerically Controlled Tool Operators
51-9162.00,3.478,2.8216666666666668,3.67,3.3949999999999996,2.6740000000000004,2.3115384615384618,Computer Numerically Controlled Tool Programmers
51-9191.00,3.002666666666667,2.546666666666667,1.8450000000000002,3.8733333333333335,2.29,2.3546153846153848,Adhesive Bonding Machine Operators and Tenders
51-9192.00,3.174666666666667,2.7916666666666665,2.0549999999999997,3.5866666666666664,2.6399999999999997,2.5230769230769234,"Cleaning, Washing, and Metal Pickling Equipment Operators and Tenders"
51-9193.00,3.2566666666666664,2.8799999999999994,2.585,3.6583333333333337,2.8240000000000003,2.6876923076923074,Cooling and Freezing Equipment Operators and Tenders
51-9194.00,3.2333333333333334,2.771666666666667,3.2800000000000002,3.2616666666666667,2.7220000000000004,2.4084615384615384,Etchers and Engravers
51-9195.00,2.8320000000000003,2.525,2.51,3.3466666666666662,2.386,2.237692307692308,"Molders, Shapers, and Casters, Except Metal and Plastic"
51-9195.03,3.6366666666666663,3.6050000000000004,3.835,4.1000000000000005,3.402,3.261538461538462,"Stone Cutters and Carvers, Manufacturing"
51-9195.04,2.8200000000000003,2.8533333333333335,3.8550000000000004,2.9716666666666662,2.5200000000000005,2.349230769230769,"Glass Blowers, Molders, Benders, and Finishers"
51-9195.05,2.4653333333333336,2.8083333333333336,2.79,3.431666666666667,1.892,1.9769230769230768,"Potters, Manufacturing"
51-9196.00,2.953333333333333,2.9000000000000004,2.74,3.41,2.9259999999999997,2.7976923076923077,"Paper Goods Machine Setters, Operators, and Tenders"
51-9197.00,3.1566666666666667,3.0383333333333336,2.5,3.5666666666666664,2.694,2.6484615384615378,Tire Builders
51-9198.00,2.9540000000000006,3.0216666666666665,2.545,3.4116666666666666,2.9560000000000004,2.897692307692308,Helpers--Production Workers
53-1041.00,3.4353333333333333,3.578333333333333,2.48,3.3349999999999995,3.3280000000000003,3.360769230769231,Aircraft Cargo Handling Supervisors
53-1042.00,3.5073333333333334,3.4483333333333337,2.7800000000000002,2.8083333333333336,3.078,3.2484615384615383,"First-Line Supervisors of Helpers, Laborers, and Material Movers, Hand"
53-1042.01,3.522,4.1466666666666665,2.785,2.48,3.45,3.8007692307692307,Recycling Coordinators
53-1043.00,3.62,3.6483333333333334,2.6100000000000003,3.0716666666666668,3.478,3.7746153846153847,First-Line Supervisors of Material-Moving Machine and Vehicle Operators
53-1044.00,3.967333333333334,4.028333333333333,3.51,3.3800000000000003,4.354,4.088461538461539,First-Line Supervisors of Passenger Attendants
53-2011.00,3.54,2.785,2.0700000000000003,2.9316666666666666,2.7619999999999996,2.476923076923077,"Airline Pilots, Copilots, and Flight Engineers"
53-2012.00,3.8873333333333333,3.6916666666666664,3.25,4.093333333333333,3.3200000000000003,3.1853846153846157,Commercial Pilots
53-2021.00,3.298,2.8266666666666667,2.7199999999999998,1.5633333333333335,3.196,2.5584615384615383,Air Traffic Controllers
53-2022.00,3.429333333333333,3.3600000000000008,2.415,3.1616666666666666,3.3340000000000005,3.208461538461538,Airfield Operations Specialists
53-2031.00,2.858,3.0849999999999995,2.025,2.44,3.194,2.465384615384615,Flight Attendants
53-3011.00,3.5193333333333334,3.316666666666667,2.815,3.435,3.9240000000000004,3.226153846153846,"Ambulance Drivers and Attendants, Except Emergency Medical Technicians"
53-3031.00,2.5153333333333334,2.4666666666666663,2.08,3.1966666666666668,2.3600000000000003,2.136153846153846,Driver/Sales Workers
53-3032.00,2.8206666666666664,2.4116666666666666,2.065,3.236666666666667,2.3120000000000003,2.0153846153846153,Heavy and Tractor-Trailer Truck Drivers
53-3033.00,2.9406666666666665,2.9149999999999996,2.7300000000000004,3.716666666666667,3.022,2.5669230769230773,Light Truck Drivers
53-3051.00,2.7013333333333334,2.66,2.455,2.6833333333333336,2.7840000000000003,2.2653846153846153,"Bus Drivers, School"
53-3052.00,2.8393333333333333,2.4683333333333333,2.0149999999999997,2.9133333333333336,3.2880000000000003,2.216923076923077,"Bus Drivers, Transit and Intercity"
53-3053.00,2.8626666666666667,2.8000000000000003,2.2800000000000002,3.046666666666667,3.3559999999999994,2.3807692307692307,Shuttle Drivers and Chauffeurs
53-4011.00,3.0533333333333332,3.1050000000000004,2.88,3.643333333333333,3.0119999999999996,2.6569230769230767,Locomotive Engineers
53-4013.00,3.35,3.1016666666666666,2.5,3.778333333333333,3.0919999999999996,2.8961538461538456,"Rail Yard Engineers, Dinkey Operators, and Hostlers"
53-4022.00,2.6806666666666668,2.5900000000000003,2.17,3.3816666666666664,2.7640000000000002,2.4038461538461537,"Railroad Brake, Signal, and Switch Operators and Locomotive Firers"
53-4031.00,2.8793333333333337,2.643333333333333,2.015,2.8166666666666664,2.5360000000000005,2.2353846153846155,Railroad Conductors and Yardmasters
53-4041.00,2.914666666666667,2.31,1.9049999999999998,3.431666666666667,3.0479999999999996,2.1161538461538463,Subway and Streetcar Operators
53-5011.00,3.112666666666667,3.09,2.6799999999999997,3.77,2.714,2.586153846153846,Sailors and Marine Oilers
53-5021.00,3.2866666666666675,3.138333333333333,2.7199999999999998,3.7716666666666665,3.156,2.9699999999999998,"Captains, Mates, and Pilots of Water Vessels"
53-5022.00,2.8019999999999996,2.608333333333333,2.5,3.5500000000000003,2.7,2.5015384615384617,Motorboat Operators
53-5031.00,3.530666666666666,3.358333333333333,3.1100000000000003,4.103333333333333,3.11,2.826923076923077,Ship Engineers
53-6011.00,2.5306666666666664,2.4299999999999997,1.76,2.8533333333333335,3.0439999999999996,2.3561538461538456,Bridge and Lock Tenders
53-6021.00,2.427333333333333,2.2916666666666665,1.82,2.5733333333333333,2.6879999999999997,2.120769230769231,Parking Attendants
53-6031.00,3.1406666666666667,2.7783333333333338,2.675,3.5533333333333332,2.936,2.588461538461538,Automotive and Watercraft Service Attendants
53-6032.00,3.252,3.121666666666666,2.36,3.265,2.88,2.8807692307692303,Aircraft Service Attendants
53-6041.00,3.7399999999999998,2.9499999999999997,3.285,2.7366666666666664,2.794,2.402307692307692,Traffic Technicians
53-6051.00,3.3939999999999997,2.9916666666666667,2.42,2.466666666666667,2.6020000000000003,2.2700000000000005,Transportation Inspectors
53-6051.01,3.820666666666667,3.385,3.145,3.0716666666666668,3.286,2.933846153846154,Aviation Inspectors
53-6051.07,3.5073333333333334,2.965,2.9749999999999996,3.9966666666666666,3.082,2.743846153846154,"Transportation Vehicle, Equipment and Systems Inspectors, Except Aviation"
53-6061.00,2.8666666666666667,2.8333333333333335,2.39,2.626666666666667,3.7960000000000003,2.9761538461538466,Passenger Attendants
53-7011.00,2.7199999999999998,2.6199999999999997,2.2800000000000002,3.1833333333333336,2.748,2.4738461538461536,Conveyor Operators and Tenders
53-7021.00,3.3653333333333335,3.4116666666666666,2.815,4.51,3.626,3.0715384615384616,Crane and Tower Operators
53-7031.00,2.7086666666666663,2.4066666666666667,2.165,3.4066666666666663,2.42,2.414615384615385,Dredge Operators
53-7041.00,3.0340000000000007,2.921666666666667,2.49,3.698333333333333,2.6100000000000003,2.6499999999999995,Hoist and Winch Operators
53-7051.00,3.205333333333334,3.2233333333333327,2.76,3.77,3.024,2.9938461538461536,Industrial Truck and Tractor Operators
53-7061.00,2.8373333333333335,2.94,2.56,3.296666666666667,3.138,2.9238461538461533,Cleaners of Vehicles and Equipment
53-7062.00,2.626666666666667,2.8333333333333335,1.98,2.728333333333333,2.904,2.8230769230769233,"Laborers and Freight, Stock, and Material Movers, Hand"
53-7062.04,2.6706666666666665,2.8866666666666667,2.1550000000000002,3.361666666666667,2.768,2.7930769230769235,Recycling and Reclamation Workers
53-7063.00,2.4213333333333336,2.065,1.815,3.003333333333334,2.162,1.9399999999999997,Machine Feeders and Offbearers
53-7064.00,3.2939999999999996,2.9183333333333334,2.75,3.221666666666667,3.0620000000000003,2.8915384615384614,"Packers and Packagers, Hand"
53-7065.00,2.9453333333333327,2.9899999999999998,2.48,2.8333333333333335,3.186,3.0384615384615383,Stockers and Order Fillers
53-7071.00,3.6206666666666667,2.973333333333333,2.75,4.113333333333333,2.802,2.7269230769230766,Gas Compressor and Gas Pumping Station Operators
53-7072.00,3.624666666666667,3.3216666666666668,3.2800000000000002,3.8333333333333335,2.7359999999999998,2.6992307692307693,"Pump Operators, Except Wellhead Pumpers"
53-7073.00,3.3466666666666667,3.1366666666666667,2.8449999999999998,3.6566666666666663,2.992,2.7438461538461536,Wellhead Pumpers
53-7081.00,1.9146666666666667,1.7616666666666667,1.51,3.1666666666666665,1.906,1.6653846153846155,Refuse and Recyclable Material Collectors
53-7121.00,3.4626666666666663,3.223333333333333,2.77,3.7133333333333334,2.806,2.726153846153846,"Tank Car, Truck, and Ship Loaders"
